process,temp,supply,control,UP,Down,corner name,i_out
ff,-40,0.9,0.0,1.8,1.8,"ff,-40,0.9",93.95492
ff,-40,0.9,0.1,1.8,1.8,"ff,-40,0.9",21.31313
ff,-40,0.9,0.2,1.8,1.8,"ff,-40,0.9",-0.83747
ff,-40,0.9,0.3,1.8,1.8,"ff,-40,0.9",-5.085
ff,-40,0.9,0.4,1.8,1.8,"ff,-40,0.9",-5.77897
ff,-40,0.9,0.5,1.8,1.8,"ff,-40,0.9",-5.91855
ff,-40,0.9,0.6,1.8,1.8,"ff,-40,0.9",-5.99169
ff,-40,0.9,0.7,1.8,1.8,"ff,-40,0.9",-6.04375
ff,-40,0.9,0.8,1.8,1.8,"ff,-40,0.9",-6.08426
ff,-40,0.9,0.9,1.8,1.8,"ff,-40,0.9",-6.11463
ff,-40,0.9,1.0,1.8,1.8,"ff,-40,0.9",-6.13845
ff,-40,0.9,1.1,1.8,1.8,"ff,-40,0.9",-6.17437
ff,-40,0.9,1.2,1.8,1.8,"ff,-40,0.9",-6.25851
ff,-40,0.9,1.3,1.8,1.8,"ff,-40,0.9",-6.81551
ff,-40,0.9,1.4,1.8,1.8,"ff,-40,0.9",-10.7155
ff,-40,0.9,1.5,1.8,1.8,"ff,-40,0.9",-31.1375
ff,-40,0.9,1.6,1.8,1.8,"ff,-40,0.9",-85.0334
ff,-40,0.9,1.7,1.8,1.8,"ff,-40,0.9",-176.569
ff,-40,0.9,1.8,1.8,1.8,"ff,-40,0.9",-306.024
ff,-40,1.0,0.0,1.8,1.8,"ff,-40,1.0",99.49017
ff,-40,1.0,0.1,1.8,1.8,"ff,-40,1.0",26.84935
ff,-40,1.0,0.2,1.8,1.8,"ff,-40,1.0",4.699778
ff,-40,1.0,0.3,1.8,1.8,"ff,-40,1.0",0.4533476
ff,-40,1.0,0.4,1.8,1.8,"ff,-40,1.0",-0.239437
ff,-40,1.0,0.5,1.8,1.8,"ff,-40,1.0",-0.377737
ff,-40,1.0,0.6,1.8,1.8,"ff,-40,1.0",-0.44947
ff,-40,1.0,0.7,1.8,1.8,"ff,-40,1.0",-0.499964
ff,-40,1.0,0.8,1.8,1.8,"ff,-40,1.0",-0.538649
ff,-40,1.0,0.9,1.8,1.8,"ff,-40,1.0",-0.566618
ff,-40,1.0,1.0,1.8,1.8,"ff,-40,1.0",-0.585352
ff,-40,1.0,1.1,1.8,1.8,"ff,-40,1.0",-0.60748
ff,-40,1.0,1.2,1.8,1.8,"ff,-40,1.0",-0.639118
ff,-40,1.0,1.3,1.8,1.8,"ff,-40,1.0",-0.685287
ff,-40,1.0,1.4,1.8,1.8,"ff,-40,1.0",-0.795038
ff,-40,1.0,1.5,1.8,1.8,"ff,-40,1.0",-1.6664
ff,-40,1.0,1.6,1.8,1.8,"ff,-40,1.0",-7.3578
ff,-40,1.0,1.7,1.8,1.8,"ff,-40,1.0",-35.1351
ff,-40,1.0,1.8,1.8,1.8,"ff,-40,1.0",-100.051
ff,-40,1.1,0.0,1.8,1.8,"ff,-40,1.1",99.83677
ff,-40,1.1,0.1,1.8,1.8,"ff,-40,1.1",27.19641
ff,-40,1.1,0.2,1.8,1.8,"ff,-40,1.1",5.047312
ff,-40,1.1,0.3,1.8,1.8,"ff,-40,1.1",0.8013874
ff,-40,1.1,0.4,1.8,1.8,"ff,-40,1.1",0.1091397
ff,-40,1.1,0.5,1.8,1.8,"ff,-40,1.1",-0.0285879
ff,-40,1.1,0.6,1.8,1.8,"ff,-40,1.1",-0.0997068
ff,-40,1.1,0.7,1.8,1.8,"ff,-40,1.1",-0.14953
ff,-40,1.1,0.8,1.8,1.8,"ff,-40,1.1",-0.187462
ff,-40,1.1,0.9,1.8,1.8,"ff,-40,1.1",-0.214483
ff,-40,1.1,1.0,1.8,1.8,"ff,-40,1.1",-0.231409
ff,-40,1.1,1.1,1.8,1.8,"ff,-40,1.1",-0.249581
ff,-40,1.1,1.2,1.8,1.8,"ff,-40,1.1",-0.273744
ff,-40,1.1,1.3,1.8,1.8,"ff,-40,1.1",-0.303718
ff,-40,1.1,1.4,1.8,1.8,"ff,-40,1.1",-0.340617
ff,-40,1.1,1.5,1.8,1.8,"ff,-40,1.1",-0.391605
ff,-40,1.1,1.6,1.8,1.8,"ff,-40,1.1",-0.528764
ff,-40,1.1,1.7,1.8,1.8,"ff,-40,1.1",-1.72234
ff,-40,1.1,1.8,1.8,1.8,"ff,-40,1.1",-9.50164
ff,125,0.9,0.0,1.8,1.8,"ff,125,0.9",99.26466
ff,125,0.9,0.1,1.8,1.8,"ff,125,0.9",47.11825
ff,125,0.9,0.2,1.8,1.8,"ff,125,0.9",16.7092
ff,125,0.9,0.3,1.8,1.8,"ff,125,0.9",4.001279
ff,125,0.9,0.4,1.8,1.8,"ff,125,0.9",0.3649847
ff,125,0.9,0.5,1.8,1.8,"ff,125,0.9",-0.379078
ff,125,0.9,0.6,1.8,1.8,"ff,125,0.9",-0.61796
ff,125,0.9,0.7,1.8,1.8,"ff,125,0.9",-0.767002
ff,125,0.9,0.8,1.8,1.8,"ff,125,0.9",-0.891352
ff,125,0.9,0.9,1.8,1.8,"ff,125,0.9",-1.00777
ff,125,0.9,1.0,1.8,1.8,"ff,125,0.9",-1.1236
ff,125,0.9,1.1,1.8,1.8,"ff,125,0.9",-1.26786
ff,125,0.9,1.2,1.8,1.8,"ff,125,0.9",-1.69053
ff,125,0.9,1.3,1.8,1.8,"ff,125,0.9",-4.21814
ff,125,0.9,1.4,1.8,1.8,"ff,125,0.9",-14.4077
ff,125,0.9,1.5,1.8,1.8,"ff,125,0.9",-40.8773
ff,125,0.9,1.6,1.8,1.8,"ff,125,0.9",-88.2084
ff,125,0.9,1.7,1.8,1.8,"ff,125,0.9",-159.005
ff,125,0.9,1.8,1.8,1.8,"ff,125,0.9",-255.771
ff,125,1.0,0.0,1.8,1.8,"ff,125,1.0",99.91226
ff,125,1.0,0.1,1.8,1.8,"ff,125,1.0",47.76704
ff,125,1.0,0.2,1.8,1.8,"ff,125,1.0",17.35927
ff,125,1.0,0.3,1.8,1.8,"ff,125,1.0",4.652719
ff,125,1.0,0.4,1.8,1.8,"ff,125,1.0",1.017943
ff,125,1.0,0.5,1.8,1.8,"ff,125,1.0",0.2756732
ff,125,1.0,0.6,1.8,1.8,"ff,125,1.0",0.03950159
ff,125,1.0,0.7,1.8,1.8,"ff,125,1.0",-0.104138
ff,125,1.0,0.8,1.8,1.8,"ff,125,1.0",-0.219172
ff,125,1.0,0.9,1.8,1.8,"ff,125,1.0",-0.320696
ff,125,1.0,1.0,1.8,1.8,"ff,125,1.0",-0.410783
ff,125,1.0,1.1,1.8,1.8,"ff,125,1.0",-0.494237
ff,125,1.0,1.2,1.8,1.8,"ff,125,1.0",-0.590308
ff,125,1.0,1.3,1.8,1.8,"ff,125,1.0",-0.737537
ff,125,1.0,1.4,1.8,1.8,"ff,125,1.0",-1.25911
ff,125,1.0,1.5,1.8,1.8,"ff,125,1.0",-4.45969
ff,125,1.0,1.6,1.8,1.8,"ff,125,1.0",-16.946
ff,125,1.0,1.7,1.8,1.8,"ff,125,1.0",-47.7768
ff,125,1.0,1.8,1.8,1.8,"ff,125,1.0",-100.912
ff,125,1.1,0.0,1.8,1.8,"ff,125,1.1",100.1882
ff,125,1.1,0.1,1.8,1.8,"ff,125,1.1",48.04368
ff,125,1.1,0.2,1.8,1.8,"ff,125,1.1",17.6367
ff,125,1.1,0.3,1.8,1.8,"ff,125,1.1",4.930989
ff,125,1.1,0.4,1.8,1.8,"ff,125,1.1",1.297135
ff,125,1.1,0.5,1.8,1.8,"ff,125,1.1",0.5559407
ff,125,1.1,0.6,1.8,1.8,"ff,125,1.1",0.3213537
ff,125,1.1,0.7,1.8,1.8,"ff,125,1.1",0.1808937
ff,125,1.1,0.8,1.8,1.8,"ff,125,1.1",0.07115953
ff,125,1.1,0.9,1.8,1.8,"ff,125,1.1",-0.0227313
ff,125,1.1,1.0,1.8,1.8,"ff,125,1.1",-0.102026
ff,125,1.1,1.1,1.8,1.8,"ff,125,1.1",-0.169421
ff,125,1.1,1.2,1.8,1.8,"ff,125,1.1",-0.238081
ff,125,1.1,1.3,1.8,1.8,"ff,125,1.1",-0.317223
ff,125,1.1,1.4,1.8,1.8,"ff,125,1.1",-0.41745
ff,125,1.1,1.5,1.8,1.8,"ff,125,1.1",-0.586106
ff,125,1.1,1.6,1.8,1.8,"ff,125,1.1",-1.31222
ff,125,1.1,1.7,1.8,1.8,"ff,125,1.1",-5.59629
ff,125,1.1,1.8,1.8,1.8,"ff,125,1.1",-21.3587
ff,27,0.9,0.0,1.8,1.8,"ff,27,0.9",97.52219
ff,27,0.9,0.1,1.8,1.8,"ff,27,0.9",34.55996
ff,27,0.9,0.2,1.8,1.8,"ff,27,0.9",6.641262
ff,27,0.9,0.3,1.8,1.8,"ff,27,0.9",-0.590649
ff,27,0.9,0.4,1.8,1.8,"ff,27,0.9",-2.03294
ff,27,0.9,0.5,1.8,1.8,"ff,27,0.9",-2.2927
ff,27,0.9,0.6,1.8,1.8,"ff,27,0.9",-2.40586
ff,27,0.9,0.7,1.8,1.8,"ff,27,0.9",-2.48148
ff,27,0.9,0.8,1.8,1.8,"ff,27,0.9",-2.54053
ff,27,0.9,0.9,1.8,1.8,"ff,27,0.9",-2.59336
ff,27,0.9,1.0,1.8,1.8,"ff,27,0.9",-2.64596
ff,27,0.9,1.1,1.8,1.8,"ff,27,0.9",-2.71343
ff,27,0.9,1.2,1.8,1.8,"ff,27,0.9",-2.88381
ff,27,0.9,1.3,1.8,1.8,"ff,27,0.9",-4.06082
ff,27,0.9,1.4,1.8,1.8,"ff,27,0.9",-10.6636
ff,27,0.9,1.5,1.8,1.8,"ff,27,0.9",-35.0759
ff,27,0.9,1.6,1.8,1.8,"ff,27,0.9",-86.4838
ff,27,0.9,1.7,1.8,1.8,"ff,27,0.9",-167.763
ff,27,0.9,1.8,1.8,1.8,"ff,27,0.9",-280.56
ff,27,1.0,0.0,1.8,1.8,"ff,27,1.0",99.66583
ff,27,1.0,0.1,1.8,1.8,"ff,27,1.0",36.70461
ff,27,1.0,0.2,1.8,1.8,"ff,27,1.0",8.786981
ff,27,1.0,0.3,1.8,1.8,"ff,27,1.0",1.556209
ff,27,1.0,0.4,1.8,1.8,"ff,27,1.0",0.1151449
ff,27,1.0,0.5,1.8,1.8,"ff,27,1.0",-0.143288
ff,27,1.0,0.6,1.8,1.8,"ff,27,1.0",-0.254972
ff,27,1.0,0.7,1.8,1.8,"ff,27,1.0",-0.328857
ff,27,1.0,0.8,1.8,1.8,"ff,27,1.0",-0.385296
ff,27,1.0,0.9,1.8,1.8,"ff,27,1.0",-0.432435
ff,27,1.0,1.0,1.8,1.8,"ff,27,1.0",-0.473405
ff,27,1.0,1.1,1.8,1.8,"ff,27,1.0",-0.514429
ff,27,1.0,1.2,1.8,1.8,"ff,27,1.0",-0.565001
ff,27,1.0,1.3,1.8,1.8,"ff,27,1.0",-0.63797
ff,27,1.0,1.4,1.8,1.8,"ff,27,1.0",-0.84684
ff,27,1.0,1.5,1.8,1.8,"ff,27,1.0",-2.42284
ff,27,1.0,1.6,1.8,1.8,"ff,27,1.0",-11.1134
ff,27,1.0,1.7,1.8,1.8,"ff,27,1.0",-41.144
ff,27,1.0,1.8,1.8,1.8,"ff,27,1.0",-100.106
ff,27,1.1,0.0,1.8,1.8,"ff,27,1.1",99.92508
ff,27,1.1,0.1,1.8,1.8,"ff,27,1.1",36.9644
ff,27,1.1,0.2,1.8,1.8,"ff,27,1.1",9.047335
ff,27,1.1,0.3,1.8,1.8,"ff,27,1.1",1.81716
ff,27,1.1,0.4,1.8,1.8,"ff,27,1.1",0.3767288
ff,27,1.1,0.5,1.8,1.8,"ff,27,1.1",0.1189747
ff,27,1.1,0.6,1.8,1.8,"ff,27,1.1",0.008032558
ff,27,1.1,0.7,1.8,1.8,"ff,27,1.1",-0.0649963
ff,27,1.1,0.8,1.8,1.8,"ff,27,1.1",-0.120198
ff,27,1.1,0.9,1.8,1.8,"ff,27,1.1",-0.164764
ff,27,1.1,1.0,1.8,1.8,"ff,27,1.1",-0.20107
ff,27,1.1,1.1,1.8,1.8,"ff,27,1.1",-0.234589
ff,27,1.1,1.2,1.8,1.8,"ff,27,1.1",-0.27244
ff,27,1.1,1.3,1.8,1.8,"ff,27,1.1",-0.316775
ff,27,1.1,1.4,1.8,1.8,"ff,27,1.1",-0.371153
ff,27,1.1,1.5,1.8,1.8,"ff,27,1.1",-0.450904
ff,27,1.1,1.6,1.8,1.8,"ff,27,1.1",-0.72338
ff,27,1.1,1.7,1.8,1.8,"ff,27,1.1",-2.84691
ff,27,1.1,1.8,1.8,1.8,"ff,27,1.1",-14.1961
fs,-40,0.9,0.0,1.8,1.8,"fs,-40,0.9",93.70819
fs,-40,0.9,0.1,1.8,1.8,"fs,-40,0.9",26.05149
fs,-40,0.9,0.2,1.8,1.8,"fs,-40,0.9",0.4689252
fs,-40,0.9,0.3,1.8,1.8,"fs,-40,0.9",-4.98639
fs,-40,0.9,0.4,1.8,1.8,"fs,-40,0.9",-5.95128
fs,-40,0.9,0.5,1.8,1.8,"fs,-40,0.9",-6.1225
fs,-40,0.9,0.6,1.8,1.8,"fs,-40,0.9",-6.20154
fs,-40,0.9,0.7,1.8,1.8,"fs,-40,0.9",-6.25281
fs,-40,0.9,0.8,1.8,1.8,"fs,-40,0.9",-6.28631
fs,-40,0.9,0.9,1.8,1.8,"fs,-40,0.9",-6.30519
fs,-40,0.9,1.0,1.8,1.8,"fs,-40,0.9",-6.32508
fs,-40,0.9,1.1,1.8,1.8,"fs,-40,0.9",-6.36009
fs,-40,0.9,1.2,1.8,1.8,"fs,-40,0.9",-6.43779
fs,-40,0.9,1.3,1.8,1.8,"fs,-40,0.9",-6.94967
fs,-40,0.9,1.4,1.8,1.8,"fs,-40,0.9",-10.691
fs,-40,0.9,1.5,1.8,1.8,"fs,-40,0.9",-30.8713
fs,-40,0.9,1.6,1.8,1.8,"fs,-40,0.9",-84.9042
fs,-40,0.9,1.7,1.8,1.8,"fs,-40,0.9",-176.558
fs,-40,0.9,1.8,1.8,1.8,"fs,-40,0.9",-305.308
fs,-40,1.0,0.0,1.8,1.8,"fs,-40,1.0",99.4643
fs,-40,1.0,0.1,1.8,1.8,"fs,-40,1.0",31.80852
fs,-40,1.0,0.2,1.8,1.8,"fs,-40,1.0",6.226938
fs,-40,1.0,0.3,1.8,1.8,"fs,-40,1.0",0.7726687
fs,-40,1.0,0.4,1.8,1.8,"fs,-40,1.0",-0.191108
fs,-40,1.0,0.5,1.8,1.8,"fs,-40,1.0",-0.361116
fs,-40,1.0,0.6,1.8,1.8,"fs,-40,1.0",-0.438838
fs,-40,1.0,0.7,1.8,1.8,"fs,-40,1.0",-0.488632
fs,-40,1.0,0.8,1.8,1.8,"fs,-40,1.0",-0.520418
fs,-40,1.0,0.9,1.8,1.8,"fs,-40,1.0",-0.536895
fs,-40,1.0,1.0,1.8,1.8,"fs,-40,1.0",-0.551488
fs,-40,1.0,1.1,1.8,1.8,"fs,-40,1.0",-0.573481
fs,-40,1.0,1.2,1.8,1.8,"fs,-40,1.0",-0.604452
fs,-40,1.0,1.3,1.8,1.8,"fs,-40,1.0",-0.648773
fs,-40,1.0,1.4,1.8,1.8,"fs,-40,1.0",-0.752747
fs,-40,1.0,1.5,1.8,1.8,"fs,-40,1.0",-1.59298
fs,-40,1.0,1.6,1.8,1.8,"fs,-40,1.0",-7.17006
fs,-40,1.0,1.7,1.8,1.8,"fs,-40,1.0",-34.887
fs,-40,1.0,1.8,1.8,1.8,"fs,-40,1.0",-99.9751
fs,-40,1.1,0.0,1.8,1.8,"fs,-40,1.1",99.82512
fs,-40,1.1,0.1,1.8,1.8,"fs,-40,1.1",32.16978
fs,-40,1.1,0.2,1.8,1.8,"fs,-40,1.1",6.588659
fs,-40,1.1,0.3,1.8,1.8,"fs,-40,1.1",1.134882
fs,-40,1.1,0.4,1.8,1.8,"fs,-40,1.1",0.1716272
fs,-40,1.1,0.5,1.8,1.8,"fs,-40,1.1",0.002177114
fs,-40,1.1,0.6,1.8,1.8,"fs,-40,1.1",-0.0749425
fs,-40,1.1,0.7,1.8,1.8,"fs,-40,1.1",-0.124078
fs,-40,1.1,0.8,1.8,1.8,"fs,-40,1.1",-0.155115
fs,-40,1.1,0.9,1.8,1.8,"fs,-40,1.1",-0.170601
fs,-40,1.1,1.0,1.8,1.8,"fs,-40,1.1",-0.183238
fs,-40,1.1,1.1,1.8,1.8,"fs,-40,1.1",-0.201301
fs,-40,1.1,1.2,1.8,1.8,"fs,-40,1.1",-0.225148
fs,-40,1.1,1.3,1.8,1.8,"fs,-40,1.1",-0.254286
fs,-40,1.1,1.4,1.8,1.8,"fs,-40,1.1",-0.289903
fs,-40,1.1,1.5,1.8,1.8,"fs,-40,1.1",-0.338894
fs,-40,1.1,1.6,1.8,1.8,"fs,-40,1.1",-0.470999
fs,-40,1.1,1.7,1.8,1.8,"fs,-40,1.1",-1.6387
fs,-40,1.1,1.8,1.8,1.8,"fs,-40,1.1",-9.32838
fs,125,0.9,0.0,1.8,1.8,"fs,125,0.9",99.07265
fs,125,0.9,0.1,1.8,1.8,"fs,125,0.9",51.98862
fs,125,0.9,0.2,1.8,1.8,"fs,125,0.9",21.81841
fs,125,0.9,0.3,1.8,1.8,"fs,125,0.9",6.578122
fs,125,0.9,0.4,1.8,1.8,"fs,125,0.9",1.065801
fs,125,0.9,0.5,1.8,1.8,"fs,125,0.9",-0.280359
fs,125,0.9,0.6,1.8,1.8,"fs,125,0.9",-0.635022
fs,125,0.9,0.7,1.8,1.8,"fs,125,0.9",-0.822635
fs,125,0.9,0.8,1.8,1.8,"fs,125,0.9",-0.960192
fs,125,0.9,0.9,1.8,1.8,"fs,125,0.9",-1.07161
fs,125,0.9,1.0,1.8,1.8,"fs,125,0.9",-1.16996
fs,125,0.9,1.1,1.8,1.8,"fs,125,0.9",-1.29472
fs,125,0.9,1.2,1.8,1.8,"fs,125,0.9",-1.65702
fs,125,0.9,1.3,1.8,1.8,"fs,125,0.9",-3.9319
fs,125,0.9,1.4,1.8,1.8,"fs,125,0.9",-13.6413
fs,125,0.9,1.5,1.8,1.8,"fs,125,0.9",-39.9631
fs,125,0.9,1.6,1.8,1.8,"fs,125,0.9",-87.9156
fs,125,0.9,1.7,1.8,1.8,"fs,125,0.9",-160.064
fs,125,0.9,1.8,1.8,1.8,"fs,125,0.9",-258.772
fs,125,1.0,0.0,1.8,1.8,"fs,125,1.0",99.83754
fs,125,1.0,0.1,1.8,1.8,"fs,125,1.0",52.75465
fs,125,1.0,0.2,1.8,1.8,"fs,125,1.0",22.58565
fs,125,1.0,0.3,1.8,1.8,"fs,125,1.0",7.346678
fs,125,1.0,0.4,1.8,1.8,"fs,125,1.0",1.835829
fs,125,1.0,0.5,1.8,1.8,"fs,125,1.0",0.491474
fs,125,1.0,0.6,1.8,1.8,"fs,125,1.0",0.1397341
fs,125,1.0,0.7,1.8,1.8,"fs,125,1.0",-0.0424415
fs,125,1.0,0.8,1.8,1.8,"fs,125,1.0",-0.171269
fs,125,1.0,0.9,1.8,1.8,"fs,125,1.0",-0.269214
fs,125,1.0,1.0,1.8,1.8,"fs,125,1.0",-0.344897
fs,125,1.0,1.1,1.8,1.8,"fs,125,1.0",-0.417677
fs,125,1.0,1.2,1.8,1.8,"fs,125,1.0",-0.505221
fs,125,1.0,1.3,1.8,1.8,"fs,125,1.0",-0.637925
fs,125,1.0,1.4,1.8,1.8,"fs,125,1.0",-1.09916
fs,125,1.0,1.5,1.8,1.8,"fs,125,1.0",-4.05783
fs,125,1.0,1.6,1.8,1.8,"fs,125,1.0",-16.1681
fs,125,1.0,1.7,1.8,1.8,"fs,125,1.0",-47.1581
fs,125,1.0,1.8,1.8,1.8,"fs,125,1.0",-101.515
fs,125,1.1,0.0,1.8,1.8,"fs,125,1.1",100.1432
fs,125,1.1,0.1,1.8,1.8,"fs,125,1.1",53.06104
fs,125,1.1,0.2,1.8,1.8,"fs,125,1.1",22.89279
fs,125,1.1,0.3,1.8,1.8,"fs,125,1.1",7.654647
fs,125,1.1,0.4,1.8,1.8,"fs,125,1.1",2.144717
fs,125,1.1,0.5,1.8,1.8,"fs,125,1.1",0.8014857
fs,125,1.1,0.6,1.8,1.8,"fs,125,1.1",0.451587
fs,125,1.1,0.7,1.8,1.8,"fs,125,1.1",0.2728852
fs,125,1.1,0.8,1.8,1.8,"fs,125,1.1",0.1493006
fs,125,1.1,0.9,1.8,1.8,"fs,125,1.1",0.05855431
fs,125,1.1,1.0,1.8,1.8,"fs,125,1.1",-0.00722362
fs,125,1.1,1.1,1.8,1.8,"fs,125,1.1",-0.0655507
fs,125,1.1,1.2,1.8,1.8,"fs,125,1.1",-0.128862
fs,125,1.1,1.3,1.8,1.8,"fs,125,1.1",-0.202383
fs,125,1.1,1.4,1.8,1.8,"fs,125,1.1",-0.296467
fs,125,1.1,1.5,1.8,1.8,"fs,125,1.1",-0.460723
fs,125,1.1,1.6,1.8,1.8,"fs,125,1.1",-1.15945
fs,125,1.1,1.7,1.8,1.8,"fs,125,1.1",-5.33319
fs,125,1.1,1.8,1.8,1.8,"fs,125,1.1",-21.3128
fs,27,0.9,0.0,1.8,1.8,"fs,27,0.9",97.24946
fs,27,0.9,0.1,1.8,1.8,"fs,27,0.9",39.65711
fs,27,0.9,0.2,1.8,1.8,"fs,27,0.9",9.798857
fs,27,0.9,0.3,1.8,1.8,"fs,27,0.9",0.09335354
fs,27,0.9,0.4,1.8,1.8,"fs,27,0.9",-2.08679
fs,27,0.9,0.5,1.8,1.8,"fs,27,0.9",-2.46974
fs,27,0.9,0.6,1.8,1.8,"fs,27,0.9",-2.60707
fs,27,0.9,0.7,1.8,1.8,"fs,27,0.9",-2.68985
fs,27,0.9,0.8,1.8,1.8,"fs,27,0.9",-2.74765
fs,27,0.9,0.9,1.8,1.8,"fs,27,0.9",-2.79166
fs,27,0.9,1.0,1.8,1.8,"fs,27,0.9",-2.83489
fs,27,0.9,1.1,1.8,1.8,"fs,27,0.9",-2.89637
fs,27,0.9,1.2,1.8,1.8,"fs,27,0.9",-3.047
fs,27,0.9,1.3,1.8,1.8,"fs,27,0.9",-4.11047
fs,27,0.9,1.4,1.8,1.8,"fs,27,0.9",-10.3576
fs,27,0.9,1.5,1.8,1.8,"fs,27,0.9",-34.4685
fs,27,0.9,1.6,1.8,1.8,"fs,27,0.9",-86.2407
fs,27,0.9,1.7,1.8,1.8,"fs,27,0.9",-168.328
fs,27,0.9,1.8,1.8,1.8,"fs,27,0.9",-281.841
fs,27,1.0,0.0,1.8,1.8,"fs,27,1.0",99.62097
fs,27,1.0,0.1,1.8,1.8,"fs,27,1.0",42.02957
fs,27,1.0,0.2,1.8,1.8,"fs,27,1.0",12.17234
fs,27,1.0,0.3,1.8,1.8,"fs,27,1.0",2.467922
fs,27,1.0,0.4,1.8,1.8,"fs,27,1.0",0.288945
fs,27,1.0,0.5,1.8,1.8,"fs,27,1.0",-0.0927395
fs,27,1.0,0.6,1.8,1.8,"fs,27,1.0",-0.228655
fs,27,1.0,0.7,1.8,1.8,"fs,27,1.0",-0.30972
fs,27,1.0,0.8,1.8,1.8,"fs,27,1.0",-0.364728
fs,27,1.0,0.9,1.8,1.8,"fs,27,1.0",-0.403005
fs,27,1.0,1.0,1.8,1.8,"fs,27,1.0",-0.435361
fs,27,1.0,1.1,1.8,1.8,"fs,27,1.0",-0.47326
fs,27,1.0,1.2,1.8,1.8,"fs,27,1.0",-0.520932
fs,27,1.0,1.3,1.8,1.8,"fs,27,1.0",-0.588972
fs,27,1.0,1.4,1.8,1.8,"fs,27,1.0",-0.779547
fs,27,1.0,1.5,1.8,1.8,"fs,27,1.0",-2.25274
fs,27,1.0,1.6,1.8,1.8,"fs,27,1.0",-10.6312
fs,27,1.0,1.7,1.8,1.8,"fs,27,1.0",-40.5584
fs,27,1.0,1.8,1.8,1.8,"fs,27,1.0",-100.029
fs,27,1.1,0.0,1.8,1.8,"fs,27,1.1",99.8999
fs,27,1.1,0.1,1.8,1.8,"fs,27,1.1",42.30903
fs,27,1.1,0.2,1.8,1.8,"fs,27,1.1",12.45235
fs,27,1.1,0.3,1.8,1.8,"fs,27,1.1",2.748507
fs,27,1.1,0.4,1.8,1.8,"fs,27,1.1",0.5701472
fs,27,1.1,0.5,1.8,1.8,"fs,27,1.1",0.1891273
fs,27,1.1,0.6,1.8,1.8,"fs,27,1.1",0.05394534
fs,27,1.1,0.7,1.8,1.8,"fs,27,1.1",-0.0262494
fs,27,1.1,0.8,1.8,1.8,"fs,27,1.1",-0.079892
fs,27,1.1,0.9,1.8,1.8,"fs,27,1.1",-0.115492
fs,27,1.1,1.0,1.8,1.8,"fs,27,1.1",-0.143354
fs,27,1.1,1.1,1.8,1.8,"fs,27,1.1",-0.174239
fs,27,1.1,1.2,1.8,1.8,"fs,27,1.1",-0.210227
fs,27,1.1,1.3,1.8,1.8,"fs,27,1.1",-0.252331
fs,27,1.1,1.4,1.8,1.8,"fs,27,1.1",-0.303731
fs,27,1.1,1.5,1.8,1.8,"fs,27,1.1",-0.378471
fs,27,1.1,1.6,1.8,1.8,"fs,27,1.1",-0.631623
fs,27,1.1,1.7,1.8,1.8,"fs,27,1.1",-2.64878
fs,27,1.1,1.8,1.8,1.8,"fs,27,1.1",-13.7271
sf,-40,0.9,0.0,1.8,1.8,"sf,-40,0.9",86.64103
sf,-40,0.9,0.1,1.8,1.8,"sf,-40,0.9",13.76136
sf,-40,0.9,0.2,1.8,1.8,"sf,-40,0.9",-8.23019
sf,-40,0.9,0.3,1.8,1.8,"sf,-40,0.9",-12.43
sf,-40,0.9,0.4,1.8,1.8,"sf,-40,0.9",-13.1186
sf,-40,0.9,0.5,1.8,1.8,"sf,-40,0.9",-13.2623
sf,-40,0.9,0.6,1.8,1.8,"sf,-40,0.9",-13.3424
sf,-40,0.9,0.7,1.8,1.8,"sf,-40,0.9",-13.4043
sf,-40,0.9,0.8,1.8,1.8,"sf,-40,0.9",-13.4583
sf,-40,0.9,0.9,1.8,1.8,"sf,-40,0.9",-13.5075
sf,-40,0.9,1.0,1.8,1.8,"sf,-40,0.9",-13.5542
sf,-40,0.9,1.1,1.8,1.8,"sf,-40,0.9",-13.6241
sf,-40,0.9,1.2,1.8,1.8,"sf,-40,0.9",-13.8894
sf,-40,0.9,1.3,1.8,1.8,"sf,-40,0.9",-15.2929
sf,-40,0.9,1.4,1.8,1.8,"sf,-40,0.9",-21.8536
sf,-40,0.9,1.5,1.8,1.8,"sf,-40,0.9",-43.6983
sf,-40,0.9,1.6,1.8,1.8,"sf,-40,0.9",-88.2643
sf,-40,0.9,1.7,1.8,1.8,"sf,-40,0.9",-158.523
sf,-40,0.9,1.8,1.8,1.8,"sf,-40,0.9",-256.059
sf,-40,1.0,0.0,1.8,1.8,"sf,-40,1.0",98.62409
sf,-40,1.0,0.1,1.8,1.8,"sf,-40,1.0",25.74865
sf,-40,1.0,0.2,1.8,1.8,"sf,-40,1.0",3.76197
sf,-40,1.0,0.3,1.8,1.8,"sf,-40,1.0",-0.432152
sf,-40,1.0,0.4,1.8,1.8,"sf,-40,1.0",-1.11412
sf,-40,1.0,0.5,1.8,1.8,"sf,-40,1.0",-1.24978
sf,-40,1.0,0.6,1.8,1.8,"sf,-40,1.0",-1.32012
sf,-40,1.0,0.7,1.8,1.8,"sf,-40,1.0",-1.36979
sf,-40,1.0,0.8,1.8,1.8,"sf,-40,1.0",-1.40825
sf,-40,1.0,0.9,1.8,1.8,"sf,-40,1.0",-1.43676
sf,-40,1.0,1.0,1.8,1.8,"sf,-40,1.0",-1.4538
sf,-40,1.0,1.1,1.8,1.8,"sf,-40,1.0",-1.46665
sf,-40,1.0,1.2,1.8,1.8,"sf,-40,1.0",-1.48851
sf,-40,1.0,1.3,1.8,1.8,"sf,-40,1.0",-1.55044
sf,-40,1.0,1.4,1.8,1.8,"sf,-40,1.0",-1.86217
sf,-40,1.0,1.5,1.8,1.8,"sf,-40,1.0",-3.83484
sf,-40,1.0,1.6,1.8,1.8,"sf,-40,1.0",-13.508
sf,-40,1.0,1.7,1.8,1.8,"sf,-40,1.0",-43.8711
sf,-40,1.0,1.8,1.8,1.8,"sf,-40,1.0",-100.058
sf,-40,1.1,0.0,1.8,1.8,"sf,-40,1.1",99.69388
sf,-40,1.1,0.1,1.8,1.8,"sf,-40,1.1",26.81939
sf,-40,1.1,0.2,1.8,1.8,"sf,-40,1.1",4.833724
sf,-40,1.1,0.3,1.8,1.8,"sf,-40,1.1",0.6406901
sf,-40,1.1,0.4,1.8,1.8,"sf,-40,1.1",-0.0401066
sf,-40,1.1,0.5,1.8,1.8,"sf,-40,1.1",-0.174478
sf,-40,1.1,0.6,1.8,1.8,"sf,-40,1.1",-0.243418
sf,-40,1.1,0.7,1.8,1.8,"sf,-40,1.1",-0.291534
sf,-40,1.1,0.8,1.8,1.8,"sf,-40,1.1",-0.328239
sf,-40,1.1,0.9,1.8,1.8,"sf,-40,1.1",-0.354707
sf,-40,1.1,1.0,1.8,1.8,"sf,-40,1.1",-0.369235
sf,-40,1.1,1.1,1.8,1.8,"sf,-40,1.1",-0.378266
sf,-40,1.1,1.2,1.8,1.8,"sf,-40,1.1",-0.389472
sf,-40,1.1,1.3,1.8,1.8,"sf,-40,1.1",-0.410187
sf,-40,1.1,1.4,1.8,1.8,"sf,-40,1.1",-0.445284
sf,-40,1.1,1.5,1.8,1.8,"sf,-40,1.1",-0.511585
sf,-40,1.1,1.6,1.8,1.8,"sf,-40,1.1",-0.825198
sf,-40,1.1,1.7,1.8,1.8,"sf,-40,1.1",-3.13496
sf,-40,1.1,1.8,1.8,1.8,"sf,-40,1.1",-15.1341
sf,125,0.9,0.0,1.8,1.8,"sf,125,0.9",97.7223
sf,125,0.9,0.1,1.8,1.8,"sf,125,0.9",45.32284
sf,125,0.9,0.2,1.8,1.8,"sf,125,0.9",14.91239
sf,125,0.9,0.3,1.8,1.8,"sf,125,0.9",2.338727
sf,125,0.9,0.4,1.8,1.8,"sf,125,0.9",-1.21964
sf,125,0.9,0.5,1.8,1.8,"sf,125,0.9",-1.94271
sf,125,0.9,0.6,1.8,1.8,"sf,125,0.9",-2.17396
sf,125,0.9,0.7,1.8,1.8,"sf,125,0.9",-2.31101
sf,125,0.9,0.8,1.8,1.8,"sf,125,0.9",-2.4158
sf,125,0.9,0.9,1.8,1.8,"sf,125,0.9",-2.51858
sf,125,0.9,1.0,1.8,1.8,"sf,125,0.9",-2.64911
sf,125,0.9,1.1,1.8,1.8,"sf,125,0.9",-2.90951
sf,125,0.9,1.2,1.8,1.8,"sf,125,0.9",-4.04131
sf,125,0.9,1.3,1.8,1.8,"sf,125,0.9",-8.72393
sf,125,0.9,1.4,1.8,1.8,"sf,125,0.9",-21.8414
sf,125,0.9,1.5,1.8,1.8,"sf,125,0.9",-48.2046
sf,125,0.9,1.6,1.8,1.8,"sf,125,0.9",-89.9519
sf,125,0.9,1.7,1.8,1.8,"sf,125,0.9",-148.999
sf,125,0.9,1.8,1.8,1.8,"sf,125,0.9",-227.298
sf,125,1.0,0.0,1.8,1.8,"sf,125,1.0",99.56273
sf,125,1.0,0.1,1.8,1.8,"sf,125,1.0",47.16542
sf,125,1.0,0.2,1.8,1.8,"sf,125,1.0",16.75725
sf,125,1.0,0.3,1.8,1.8,"sf,125,1.0",4.186055
sf,125,1.0,0.4,1.8,1.8,"sf,125,1.0",0.630376
sf,125,1.0,0.5,1.8,1.8,"sf,125,1.0",-0.0897098
sf,125,1.0,0.6,1.8,1.8,"sf,125,1.0",-0.317503
sf,125,1.0,0.7,1.8,1.8,"sf,125,1.0",-0.450138
sf,125,1.0,0.8,1.8,1.8,"sf,125,1.0",-0.546947
sf,125,1.0,0.9,1.8,1.8,"sf,125,1.0",-0.629326
sf,125,1.0,1.0,1.8,1.8,"sf,125,1.0",-0.709737
sf,125,1.0,1.1,1.8,1.8,"sf,125,1.0",-0.796032
sf,125,1.0,1.2,1.8,1.8,"sf,125,1.0",-0.91417
sf,125,1.0,1.3,1.8,1.8,"sf,125,1.0",-1.16784
sf,125,1.0,1.4,1.8,1.8,"sf,125,1.0",-2.41482
sf,125,1.0,1.5,1.8,1.8,"sf,125,1.0",-7.91673
sf,125,1.0,1.6,1.8,1.8,"sf,125,1.0",-23.3589
sf,125,1.0,1.7,1.8,1.8,"sf,125,1.0",-53.6039
sf,125,1.0,1.8,1.8,1.8,"sf,125,1.0",-100.211
sf,125,1.1,0.0,1.8,1.8,"sf,125,1.1",99.9404
sf,125,1.1,0.1,1.8,1.8,"sf,125,1.1",47.5441
sf,125,1.1,0.2,1.8,1.8,"sf,125,1.1",17.137
sf,125,1.1,0.3,1.8,1.8,"sf,125,1.1",4.566929
sf,125,1.1,0.4,1.8,1.8,"sf,125,1.1",1.012452
sf,125,1.1,0.5,1.8,1.8,"sf,125,1.1",0.2936706
sf,125,1.1,0.6,1.8,1.8,"sf,125,1.1",0.06734229
sf,125,1.1,0.7,1.8,1.8,"sf,125,1.1",-0.0635021
sf,125,1.1,0.8,1.8,1.8,"sf,125,1.1",-0.157381
sf,125,1.1,0.9,1.8,1.8,"sf,125,1.1",-0.232621
sf,125,1.1,1.0,1.8,1.8,"sf,125,1.1",-0.299179
sf,125,1.1,1.1,1.8,1.8,"sf,125,1.1",-0.361757
sf,125,1.1,1.2,1.8,1.8,"sf,125,1.1",-0.432345
sf,125,1.1,1.3,1.8,1.8,"sf,125,1.1",-0.521973
sf,125,1.1,1.4,1.8,1.8,"sf,125,1.1",-0.649024
sf,125,1.1,1.5,1.8,1.8,"sf,125,1.1",-0.928781
sf,125,1.1,1.6,1.8,1.8,"sf,125,1.1",-2.42987
sf,125,1.1,1.7,1.8,1.8,"sf,125,1.1",-9.0131
sf,125,1.1,1.8,1.8,1.8,"sf,125,1.1",-26.9598
sf,27,0.9,0.0,1.8,1.8,"sf,27,0.9",93.35353
sf,27,0.9,0.1,1.8,1.8,"sf,27,0.9",30.13102
sf,27,0.9,0.2,1.8,1.8,"sf,27,0.9",2.319356
sf,27,0.9,0.3,1.8,1.8,"sf,27,0.9",-4.80749
sf,27,0.9,0.4,1.8,1.8,"sf,27,0.9",-6.22481
sf,27,0.9,0.5,1.8,1.8,"sf,27,0.9",-6.48171
sf,27,0.9,0.6,1.8,1.8,"sf,27,0.9",-6.59576
sf,27,0.9,0.7,1.8,1.8,"sf,27,0.9",-6.6737
sf,27,0.9,0.8,1.8,1.8,"sf,27,0.9",-6.73536
sf,27,0.9,0.9,1.8,1.8,"sf,27,0.9",-6.78697
sf,27,0.9,1.0,1.8,1.8,"sf,27,0.9",-6.83818
sf,27,0.9,1.1,1.8,1.8,"sf,27,0.9",-6.95455
sf,27,0.9,1.2,1.8,1.8,"sf,27,0.9",-7.48901
sf,27,0.9,1.3,1.8,1.8,"sf,27,0.9",-10.139
sf,27,0.9,1.4,1.8,1.8,"sf,27,0.9",-20.0403
sf,27,0.9,1.5,1.8,1.8,"sf,27,0.9",-45.0004
sf,27,0.9,1.6,1.8,1.8,"sf,27,0.9",-88.95
sf,27,0.9,1.7,1.8,1.8,"sf,27,0.9",-154.092
sf,27,0.9,1.8,1.8,1.8,"sf,27,0.9",-242.25
sf,27,1.0,0.0,1.8,1.8,"sf,27,1.0",99.27657
sf,27,1.0,0.1,1.8,1.8,"sf,27,1.0",36.05693
sf,27,1.0,0.2,1.8,1.8,"sf,27,1.0",8.248439
sf,27,1.0,0.3,1.8,1.8,"sf,27,1.0",1.125099
sf,27,1.0,0.4,1.8,1.8,"sf,27,1.0",-0.288287
sf,27,1.0,0.5,1.8,1.8,"sf,27,1.0",-0.540725
sf,27,1.0,0.6,1.8,1.8,"sf,27,1.0",-0.649625
sf,27,1.0,0.7,1.8,1.8,"sf,27,1.0",-0.721454
sf,27,1.0,0.8,1.8,1.8,"sf,27,1.0",-0.775537
sf,27,1.0,0.9,1.8,1.8,"sf,27,1.0",-0.816642
sf,27,1.0,1.0,1.8,1.8,"sf,27,1.0",-0.845555
sf,27,1.0,1.1,1.8,1.8,"sf,27,1.0",-0.874418
sf,27,1.0,1.2,1.8,1.8,"sf,27,1.0",-0.925277
sf,27,1.0,1.3,1.8,1.8,"sf,27,1.0",-1.04065
sf,27,1.0,1.4,1.8,1.8,"sf,27,1.0",-1.61703
sf,27,1.0,1.5,1.8,1.8,"sf,27,1.0",-4.91469
sf,27,1.0,1.6,1.8,1.8,"sf,27,1.0",-17.6662
sf,27,1.0,1.7,1.8,1.8,"sf,27,1.0",-48.5247
sf,27,1.0,1.8,1.8,1.8,"sf,27,1.0",-100.1
sf,27,1.1,0.0,1.8,1.8,"sf,27,1.1",99.7478
sf,27,1.1,0.1,1.8,1.8,"sf,27,1.1",36.52907
sf,27,1.1,0.2,1.8,1.8,"sf,27,1.1",8.721528
sf,27,1.1,0.3,1.8,1.8,"sf,27,1.1",1.599194
sf,27,1.1,0.4,1.8,1.8,"sf,27,1.1",0.1868774
sf,27,1.1,0.5,1.8,1.8,"sf,27,1.1",-0.0644136
sf,27,1.1,0.6,1.8,1.8,"sf,27,1.1",-0.172073
sf,27,1.1,0.7,1.8,1.8,"sf,27,1.1",-0.242535
sf,27,1.1,0.8,1.8,1.8,"sf,27,1.1",-0.295062
sf,27,1.1,0.9,1.8,1.8,"sf,27,1.1",-0.334234
sf,27,1.1,1.0,1.8,1.8,"sf,27,1.1",-0.359775
sf,27,1.1,1.1,1.8,1.8,"sf,27,1.1",-0.37958
sf,27,1.1,1.2,1.8,1.8,"sf,27,1.1",-0.40845
sf,27,1.1,1.3,1.8,1.8,"sf,27,1.1",-0.451131
sf,27,1.1,1.4,1.8,1.8,"sf,27,1.1",-0.513416
sf,27,1.1,1.5,1.8,1.8,"sf,27,1.1",-0.634729
sf,27,1.1,1.6,1.8,1.8,"sf,27,1.1",-1.27921
sf,27,1.1,1.7,1.8,1.8,"sf,27,1.1",-5.23152
sf,27,1.1,1.8,1.8,1.8,"sf,27,1.1",-20.5526
ss,-40,0.9,0.0,1.8,1.8,"ss,-40,0.9",86.45008
ss,-40,0.9,0.1,1.8,1.8,"ss,-40,0.9",18.52764
ss,-40,0.9,0.2,1.8,1.8,"ss,-40,0.9",-6.87684
ss,-40,0.9,0.3,1.8,1.8,"ss,-40,0.9",-12.2658
ss,-40,0.9,0.4,1.8,1.8,"ss,-40,0.9",-13.2213
ss,-40,0.9,0.5,1.8,1.8,"ss,-40,0.9",-13.3954
ss,-40,0.9,0.6,1.8,1.8,"ss,-40,0.9",-13.4793
ss,-40,0.9,0.7,1.8,1.8,"ss,-40,0.9",-13.5371
ss,-40,0.9,0.8,1.8,1.8,"ss,-40,0.9",-13.5795
ss,-40,0.9,0.9,1.8,1.8,"ss,-40,0.9",-13.6088
ss,-40,0.9,1.0,1.8,1.8,"ss,-40,0.9",-13.6364
ss,-40,0.9,1.1,1.8,1.8,"ss,-40,0.9",-13.686
ss,-40,0.9,1.2,1.8,1.8,"ss,-40,0.9",-13.898
ss,-40,0.9,1.3,1.8,1.8,"ss,-40,0.9",-15.1424
ss,-40,0.9,1.4,1.8,1.8,"ss,-40,0.9",-21.3684
ss,-40,0.9,1.5,1.8,1.8,"ss,-40,0.9",-43.0861
ss,-40,0.9,1.6,1.8,1.8,"ss,-40,0.9",-88.0712
ss,-40,0.9,1.7,1.8,1.8,"ss,-40,0.9",-158.938
ss,-40,0.9,1.8,1.8,1.8,"ss,-40,0.9",-256.627
ss,-40,1.0,0.0,1.8,1.8,"ss,-40,1.0",98.58815
ss,-40,1.0,0.1,1.8,1.8,"ss,-40,1.0",30.66868
ss,-40,1.0,0.2,1.8,1.8,"ss,-40,1.0",5.267537
ss,-40,1.0,0.3,1.8,1.8,"ss,-40,1.0",-0.117687
ss,-40,1.0,0.4,1.8,1.8,"ss,-40,1.0",-1.06881
ss,-40,1.0,0.5,1.8,1.8,"ss,-40,1.0",-1.23782
ss,-40,1.0,0.6,1.8,1.8,"ss,-40,1.0",-1.31575
ss,-40,1.0,0.7,1.8,1.8,"ss,-40,1.0",-1.36628
ss,-40,1.0,0.8,1.8,1.8,"ss,-40,1.0",-1.3996
ss,-40,1.0,0.9,1.8,1.8,"ss,-40,1.0",-1.41693
ss,-40,1.0,1.0,1.8,1.8,"ss,-40,1.0",-1.42712
ss,-40,1.0,1.1,1.8,1.8,"ss,-40,1.0",-1.43844
ss,-40,1.0,1.2,1.8,1.8,"ss,-40,1.0",-1.46123
ss,-40,1.0,1.3,1.8,1.8,"ss,-40,1.0",-1.52064
ss,-40,1.0,1.4,1.8,1.8,"ss,-40,1.0",-1.80057
ss,-40,1.0,1.5,1.8,1.8,"ss,-40,1.0",-3.67026
ss,-40,1.0,1.6,1.8,1.8,"ss,-40,1.0",-13.0933
ss,-40,1.0,1.7,1.8,1.8,"ss,-40,1.0",-43.4445
ss,-40,1.0,1.8,1.8,1.8,"ss,-40,1.0",-99.9858
ss,-40,1.1,0.0,1.8,1.8,"ss,-40,1.1",99.6731
ss,-40,1.1,0.1,1.8,1.8,"ss,-40,1.1",31.7545
ss,-40,1.1,0.2,1.8,1.8,"ss,-40,1.1",6.354281
ss,-40,1.1,0.3,1.8,1.8,"ss,-40,1.1",0.9700438
ss,-40,1.1,0.4,1.8,1.8,"ss,-40,1.1",0.0199798
ss,-40,1.1,0.5,1.8,1.8,"ss,-40,1.1",-0.147884
ss,-40,1.1,0.6,1.8,1.8,"ss,-40,1.1",-0.22457
ss,-40,1.1,0.7,1.8,1.8,"ss,-40,1.1",-0.273717
ss,-40,1.1,0.8,1.8,1.8,"ss,-40,1.1",-0.3055
ss,-40,1.1,0.9,1.8,1.8,"ss,-40,1.1",-0.321046
ss,-40,1.1,1.0,1.8,1.8,"ss,-40,1.1",-0.329007
ss,-40,1.1,1.1,1.8,1.8,"ss,-40,1.1",-0.33662
ss,-40,1.1,1.2,1.8,1.8,"ss,-40,1.1",-0.348726
ss,-40,1.1,1.3,1.8,1.8,"ss,-40,1.1",-0.371341
ss,-40,1.1,1.4,1.8,1.8,"ss,-40,1.1",-0.407851
ss,-40,1.1,1.5,1.8,1.8,"ss,-40,1.1",-0.474039
ss,-40,1.1,1.6,1.8,1.8,"ss,-40,1.1",-0.773123
ss,-40,1.1,1.7,1.8,1.8,"ss,-40,1.1",-3.01839
ss,-40,1.1,1.8,1.8,1.8,"ss,-40,1.1",-14.8434
ss,125,0.9,0.0,1.8,1.8,"ss,125,0.9",97.37818
ss,125,0.9,0.1,1.8,1.8,"ss,125,0.9",49.96985
ss,125,0.9,0.2,1.8,1.8,"ss,125,0.9",19.74885
ss,125,0.9,0.3,1.8,1.8,"ss,125,0.9",4.658097
ss,125,0.9,0.4,1.8,1.8,"ss,125,0.9",-0.709929
ss,125,0.9,0.5,1.8,1.8,"ss,125,0.9",-2.0012
ss,125,0.9,0.6,1.8,1.8,"ss,125,0.9",-2.34345
ss,125,0.9,0.7,1.8,1.8,"ss,125,0.9",-2.51852
ss,125,0.9,0.8,1.8,1.8,"ss,125,0.9",-2.63998
ss,125,0.9,0.9,1.8,1.8,"ss,125,0.9",-2.74574
ss,125,0.9,1.0,1.8,1.8,"ss,125,0.9",-2.86438
ss,125,0.9,1.1,1.8,1.8,"ss,125,0.9",-3.08648
ss,125,0.9,1.2,1.8,1.8,"ss,125,0.9",-4.02057
ss,125,0.9,1.3,1.8,1.8,"ss,125,0.9",-8.23358
ss,125,0.9,1.4,1.8,1.8,"ss,125,0.9",-20.8257
ss,125,0.9,1.5,1.8,1.8,"ss,125,0.9",-47.1533
ss,125,0.9,1.6,1.8,1.8,"ss,125,0.9",-89.5787
ss,125,0.9,1.7,1.8,1.8,"ss,125,0.9",-149.885
ss,125,0.9,1.8,1.8,1.8,"ss,125,0.9",-229.643
ss,125,1.0,0.0,1.8,1.8,"ss,125,1.0",99.47243
ss,125,1.0,0.1,1.8,1.8,"ss,125,1.0",52.06616
ss,125,1.0,0.2,1.8,1.8,"ss,125,1.0",21.84735
ss,125,1.0,0.3,1.8,1.8,"ss,125,1.0",6.758956
ss,125,1.0,0.4,1.8,1.8,"ss,125,1.0",1.393496
ss,125,1.0,0.5,1.8,1.8,"ss,125,1.0",0.1050818
ss,125,1.0,0.6,1.8,1.8,"ss,125,1.0",-0.23384
ss,125,1.0,0.7,1.8,1.8,"ss,125,1.0",-0.404477
ss,125,1.0,0.8,1.8,1.8,"ss,125,1.0",-0.517248
ss,125,1.0,0.9,1.8,1.8,"ss,125,1.0",-0.602332
ss,125,1.0,1.0,1.8,1.8,"ss,125,1.0",-0.675292
ss,125,1.0,1.1,1.8,1.8,"ss,125,1.0",-0.756818
ss,125,1.0,1.2,1.8,1.8,"ss,125,1.0",-0.873077
ss,125,1.0,1.3,1.8,1.8,"ss,125,1.0",-1.10613
ss,125,1.0,1.4,1.8,1.8,"ss,125,1.0",-2.18768
ss,125,1.0,1.5,1.8,1.8,"ss,125,1.0",-7.26073
ss,125,1.0,1.6,1.8,1.8,"ss,125,1.0",-22.2713
ss,125,1.0,1.7,1.8,1.8,"ss,125,1.0",-52.6318
ss,125,1.0,1.8,1.8,1.8,"ss,125,1.0",-100.067
ss,125,1.1,0.0,1.8,1.8,"ss,125,1.1",99.89723
ss,125,1.1,0.1,1.8,1.8,"ss,125,1.1",52.492
ss,125,1.1,0.2,1.8,1.8,"ss,125,1.1",22.27427
ss,125,1.1,0.3,1.8,1.8,"ss,125,1.1",7.187031
ss,125,1.1,0.4,1.8,1.8,"ss,125,1.1",1.822804
ss,125,1.1,0.5,1.8,1.8,"ss,125,1.1",0.5357396
ss,125,1.1,0.6,1.8,1.8,"ss,125,1.1",0.1983537
ss,125,1.1,0.7,1.8,1.8,"ss,125,1.1",0.02966888
ss,125,1.1,0.8,1.8,1.8,"ss,125,1.1",-0.0795923
ss,125,1.1,0.9,1.8,1.8,"ss,125,1.1",-0.156597
ss,125,1.1,1.0,1.8,1.8,"ss,125,1.1",-0.215193
ss,125,1.1,1.1,1.8,1.8,"ss,125,1.1",-0.272865
ss,125,1.1,1.2,1.8,1.8,"ss,125,1.1",-0.343267
ss,125,1.1,1.3,1.8,1.8,"ss,125,1.1",-0.433251
ss,125,1.1,1.4,1.8,1.8,"ss,125,1.1",-0.559533
ss,125,1.1,1.5,1.8,1.8,"ss,125,1.1",-0.820162
ss,125,1.1,1.6,1.8,1.8,"ss,125,1.1",-2.15442
ss,125,1.1,1.7,1.8,1.8,"ss,125,1.1",-8.31658
ss,125,1.1,1.8,1.8,1.8,"ss,125,1.1",-25.9151
ss,27,0.9,0.0,1.8,1.8,"ss,27,0.9",92.943
ss,27,0.9,0.1,1.8,1.8,"ss,27,0.9",35.03463
ss,27,0.9,0.2,1.8,1.8,"ss,27,0.9",5.257319
ss,27,0.9,0.3,1.8,1.8,"ss,27,0.9",-4.28353
ss,27,0.9,0.4,1.8,1.8,"ss,27,0.9",-6.41315
ss,27,0.9,0.5,1.8,1.8,"ss,27,0.9",-6.78935
ss,27,0.9,0.6,1.8,1.8,"ss,27,0.9",-6.92771
ss,27,0.9,0.7,1.8,1.8,"ss,27,0.9",-7.01282
ss,27,0.9,0.8,1.8,1.8,"ss,27,0.9",-7.07219
ss,27,0.9,0.9,1.8,1.8,"ss,27,0.9",-7.11242
ss,27,0.9,1.0,1.8,1.8,"ss,27,0.9",-7.15062
ss,27,0.9,1.1,1.8,1.8,"ss,27,0.9",-7.24625
ss,27,0.9,1.2,1.8,1.8,"ss,27,0.9",-7.67263
ss,27,0.9,1.3,1.8,1.8,"ss,27,0.9",-10.0111
ss,27,0.9,1.4,1.8,1.8,"ss,27,0.9",-19.3938
ss,27,0.9,1.5,1.8,1.8,"ss,27,0.9",-44.2098
ss,27,0.9,1.6,1.8,1.8,"ss,27,0.9",-88.6834
ss,27,0.9,1.7,1.8,1.8,"ss,27,0.9",-154.817
ss,27,0.9,1.8,1.8,1.8,"ss,27,0.9",-243.969
ss,27,1.0,0.0,1.8,1.8,"ss,27,1.0",99.20198
ss,27,1.0,0.1,1.8,1.8,"ss,27,1.0",41.29597
ss,27,1.0,0.2,1.8,1.8,"ss,27,1.0",11.52121
ss,27,1.0,0.3,1.8,1.8,"ss,27,1.0",1.983151
ss,27,1.0,0.4,1.8,1.8,"ss,27,1.0",-0.143404
ss,27,1.0,0.5,1.8,1.8,"ss,27,1.0",-0.516189
ss,27,1.0,0.6,1.8,1.8,"ss,27,1.0",-0.650678
ss,27,1.0,0.7,1.8,1.8,"ss,27,1.0",-0.731275
ss,27,1.0,0.8,1.8,1.8,"ss,27,1.0",-0.785132
ss,27,1.0,0.9,1.8,1.8,"ss,27,1.0",-0.817518
ss,27,1.0,1.0,1.8,1.8,"ss,27,1.0",-0.837416
ss,27,1.0,1.1,1.8,1.8,"ss,27,1.0",-0.865993
ss,27,1.0,1.2,1.8,1.8,"ss,27,1.0",-0.917398
ss,27,1.0,1.3,1.8,1.8,"ss,27,1.0",-1.02507
ss,27,1.0,1.4,1.8,1.8,"ss,27,1.0",-1.53058
ss,27,1.0,1.5,1.8,1.8,"ss,27,1.0",-4.5765
ss,27,1.0,1.6,1.8,1.8,"ss,27,1.0",-16.9106
ss,27,1.0,1.7,1.8,1.8,"ss,27,1.0",-47.7978
ss,27,1.0,1.8,1.8,1.8,"ss,27,1.0",-100.003
ss,27,1.1,0.0,1.8,1.8,"ss,27,1.1",99.71639
ss,27,1.1,0.1,1.8,1.8,"ss,27,1.1",41.81125
ss,27,1.1,0.2,1.8,1.8,"ss,27,1.1",12.03741
ss,27,1.1,0.3,1.8,1.8,"ss,27,1.1",2.500314
ss,27,1.1,0.4,1.8,1.8,"ss,27,1.1",0.3747876
ss,27,1.1,0.5,1.8,1.8,"ss,27,1.1",0.003102894
ss,27,1.1,0.6,1.8,1.8,"ss,27,1.1",-0.130195
ss,27,1.1,0.7,1.8,1.8,"ss,27,1.1",-0.209479
ss,27,1.1,0.8,1.8,1.8,"ss,27,1.1",-0.261827
ss,27,1.1,0.9,1.8,1.8,"ss,27,1.1",-0.292263
ss,27,1.1,1.0,1.8,1.8,"ss,27,1.1",-0.308353
ss,27,1.1,1.1,1.8,1.8,"ss,27,1.1",-0.327382
ss,27,1.1,1.2,1.8,1.8,"ss,27,1.1",-0.357776
ss,27,1.1,1.3,1.8,1.8,"ss,27,1.1",-0.401588
ss,27,1.1,1.4,1.8,1.8,"ss,27,1.1",-0.464108
ss,27,1.1,1.5,1.8,1.8,"ss,27,1.1",-0.580667
ss,27,1.1,1.6,1.8,1.8,"ss,27,1.1",-1.16844
ss,27,1.1,1.7,1.8,1.8,"ss,27,1.1",-4.8897
ss,27,1.1,1.8,1.8,1.8,"ss,27,1.1",-19.8607
tt,-40,0.9,0.0,1.8,1.8,"tt,-40,0.9",90.83729
tt,-40,0.9,0.1,1.8,1.8,"tt,-40,0.9",20.36581
tt,-40,0.9,0.2,1.8,1.8,"tt,-40,0.9",-3.34988
tt,-40,0.9,0.3,1.8,1.8,"tt,-40,0.9",-8.06867
tt,-40,0.9,0.4,1.8,1.8,"tt,-40,0.9",-8.86708
tt,-40,0.9,0.5,1.8,1.8,"tt,-40,0.9",-9.01879
tt,-40,0.9,0.6,1.8,1.8,"tt,-40,0.9",-9.09464
tt,-40,0.9,0.7,1.8,1.8,"tt,-40,0.9",-9.14709
tt,-40,0.9,0.8,1.8,1.8,"tt,-40,0.9",-9.18588
tt,-40,0.9,0.9,1.8,1.8,"tt,-40,0.9",-9.21145
tt,-40,0.9,1.0,1.8,1.8,"tt,-40,0.9",-9.22914
tt,-40,0.9,1.1,1.8,1.8,"tt,-40,0.9",-9.26126
tt,-40,0.9,1.2,1.8,1.8,"tt,-40,0.9",-9.37322
tt,-40,0.9,1.3,1.8,1.8,"tt,-40,0.9",-10.1556
tt,-40,0.9,1.4,1.8,1.8,"tt,-40,0.9",-15.0099
tt,-40,0.9,1.5,1.8,1.8,"tt,-40,0.9",-36.4081
tt,-40,0.9,1.6,1.8,1.8,"tt,-40,0.9",-86.4352
tt,-40,0.9,1.7,1.8,1.8,"tt,-40,0.9",-168.254
tt,-40,0.9,1.8,1.8,1.8,"tt,-40,0.9",-282.717
tt,-40,1.0,0.0,1.8,1.8,"tt,-40,1.0",99.19499
tt,-40,1.0,0.1,1.8,1.8,"tt,-40,1.0",28.72491
tt,-40,1.0,0.2,1.8,1.8,"tt,-40,1.0",5.010739
tt,-40,1.0,0.3,1.8,1.8,"tt,-40,1.0",0.293588
tt,-40,1.0,0.4,1.8,1.8,"tt,-40,1.0",-0.503035
tt,-40,1.0,0.5,1.8,1.8,"tt,-40,1.0",-0.652767
tt,-40,1.0,0.6,1.8,1.8,"tt,-40,1.0",-0.726414
tt,-40,1.0,0.7,1.8,1.8,"tt,-40,1.0",-0.776353
tt,-40,1.0,0.8,1.8,1.8,"tt,-40,1.0",-0.812208
tt,-40,1.0,0.9,1.8,1.8,"tt,-40,1.0",-0.834113
tt,-40,1.0,1.0,1.8,1.8,"tt,-40,1.0",-0.846003
tt,-40,1.0,1.1,1.8,1.8,"tt,-40,1.0",-0.860511
tt,-40,1.0,1.2,1.8,1.8,"tt,-40,1.0",-0.887067
tt,-40,1.0,1.3,1.8,1.8,"tt,-40,1.0",-0.934795
tt,-40,1.0,1.4,1.8,1.8,"tt,-40,1.0",-1.08668
tt,-40,1.0,1.5,1.8,1.8,"tt,-40,1.0",-2.28992
tt,-40,1.0,1.6,1.8,1.8,"tt,-40,1.0",-9.45888
tt,-40,1.0,1.7,1.8,1.8,"tt,-40,1.0",-38.7324
tt,-40,1.0,1.8,1.8,1.8,"tt,-40,1.0",-100.018
tt,-40,1.1,0.0,1.8,1.8,"tt,-40,1.1",99.76416
tt,-40,1.1,0.1,1.8,1.8,"tt,-40,1.1",29.29465
tt,-40,1.1,0.2,1.8,1.8,"tt,-40,1.1",5.581055
tt,-40,1.1,0.3,1.8,1.8,"tt,-40,1.1",0.8645194
tt,-40,1.1,0.4,1.8,1.8,"tt,-40,1.1",0.06855036
tt,-40,1.1,0.5,1.8,1.8,"tt,-40,1.1",-0.0804837
tt,-40,1.1,0.6,1.8,1.8,"tt,-40,1.1",-0.15338
tt,-40,1.1,0.7,1.8,1.8,"tt,-40,1.1",-0.202505
tt,-40,1.1,0.8,1.8,1.8,"tt,-40,1.1",-0.237456
tt,-40,1.1,0.9,1.8,1.8,"tt,-40,1.1",-0.258309
tt,-40,1.1,1.0,1.8,1.8,"tt,-40,1.1",-0.268711
tt,-40,1.1,1.1,1.8,1.8,"tt,-40,1.1",-0.279677
tt,-40,1.1,1.2,1.8,1.8,"tt,-40,1.1",-0.297851
tt,-40,1.1,1.3,1.8,1.8,"tt,-40,1.1",-0.324468
tt,-40,1.1,1.4,1.8,1.8,"tt,-40,1.1",-0.360437
tt,-40,1.1,1.5,1.8,1.8,"tt,-40,1.1",-0.414975
tt,-40,1.1,1.6,1.8,1.8,"tt,-40,1.1",-0.597891
tt,-40,1.1,1.7,1.8,1.8,"tt,-40,1.1",-2.15181
tt,-40,1.1,1.8,1.8,1.8,"tt,-40,1.1",-11.5854
tt,125,0.9,0.0,1.8,1.8,"tt,125,0.9",98.63048
tt,125,0.9,0.1,1.8,1.8,"tt,125,0.9",48.73211
tt,125,0.9,0.2,1.8,1.8,"tt,125,0.9",18.31213
tt,125,0.9,0.3,1.8,1.8,"tt,125,0.9",4.432455
tt,125,0.9,0.4,1.8,1.8,"tt,125,0.9",0.05030749
tt,125,0.9,0.5,1.8,1.8,"tt,125,0.9",-0.902189
tt,125,0.9,0.6,1.8,1.8,"tt,125,0.9",-1.17848
tt,125,0.9,0.7,1.8,1.8,"tt,125,0.9",-1.33425
tt,125,0.9,0.8,1.8,1.8,"tt,125,0.9",-1.45521
tt,125,0.9,0.9,1.8,1.8,"tt,125,0.9",-1.56661
tt,125,0.9,1.0,1.8,1.8,"tt,125,0.9",-1.68077
tt,125,0.9,1.1,1.8,1.8,"tt,125,0.9",-1.84692
tt,125,0.9,1.2,1.8,1.8,"tt,125,0.9",-2.4563
tt,125,0.9,1.3,1.8,1.8,"tt,125,0.9",-5.74323
tt,125,0.9,1.4,1.8,1.8,"tt,125,0.9",-17.2194
tt,125,0.9,1.5,1.8,1.8,"tt,125,0.9",-43.8424
tt,125,0.9,1.6,1.8,1.8,"tt,125,0.9",-88.8614
tt,125,0.9,1.7,1.8,1.8,"tt,125,0.9",-154.442
tt,125,0.9,1.8,1.8,1.8,"tt,125,0.9",-242.737
tt,125,1.0,0.0,1.8,1.8,"tt,125,1.0",99.72424
tt,125,1.0,0.1,1.8,1.8,"tt,125,1.0",49.82728
tt,125,1.0,0.2,1.8,1.8,"tt,125,1.0",19.4088
tt,125,1.0,0.3,1.8,1.8,"tt,125,1.0",5.530727
tt,125,1.0,0.4,1.8,1.8,"tt,125,1.0",1.150326
tt,125,1.0,0.5,1.8,1.8,"tt,125,1.0",0.1997938
tt,125,1.0,0.6,1.8,1.8,"tt,125,1.0",-0.0740639
tt,125,1.0,0.7,1.8,1.8,"tt,125,1.0",-0.225592
tt,125,1.0,0.8,1.8,1.8,"tt,125,1.0",-0.337241
tt,125,1.0,0.9,1.8,1.8,"tt,125,1.0",-0.431603
tt,125,1.0,1.0,1.8,1.8,"tt,125,1.0",-0.513803
tt,125,1.0,1.1,1.8,1.8,"tt,125,1.0",-0.594427
tt,125,1.0,1.2,1.8,1.8,"tt,125,1.0",-0.695882
tt,125,1.0,1.3,1.8,1.8,"tt,125,1.0",-0.869823
tt,125,1.0,1.4,1.8,1.8,"tt,125,1.0",-1.59757
tt,125,1.0,1.5,1.8,1.8,"tt,125,1.0",-5.62009
tt,125,1.0,1.6,1.8,1.8,"tt,125,1.0",-19.3796
tt,125,1.0,1.7,1.8,1.8,"tt,125,1.0",-50.0535
tt,125,1.0,1.8,1.8,1.8,"tt,125,1.0",-100.245
tt,125,1.1,0.0,1.8,1.8,"tt,125,1.1",100.0557
tt,125,1.1,0.1,1.8,1.8,"tt,125,1.1",50.15957
tt,125,1.1,0.2,1.8,1.8,"tt,125,1.1",19.74193
tt,125,1.1,0.3,1.8,1.8,"tt,125,1.1",5.864766
tt,125,1.1,0.4,1.8,1.8,"tt,125,1.1",1.485336
tt,125,1.1,0.5,1.8,1.8,"tt,125,1.1",0.535881
tt,125,1.1,0.6,1.8,1.8,"tt,125,1.1",0.2633236
tt,125,1.1,0.7,1.8,1.8,"tt,125,1.1",0.113935
tt,125,1.1,0.8,1.8,1.8,"tt,125,1.1",0.006998093
tt,125,1.1,0.9,1.8,1.8,"tt,125,1.1",-0.079347
tt,125,1.1,1.0,1.8,1.8,"tt,125,1.1",-0.149528
tt,125,1.1,1.1,1.8,1.8,"tt,125,1.1",-0.211652
tt,125,1.1,1.2,1.8,1.8,"tt,125,1.1",-0.280006
tt,125,1.1,1.3,1.8,1.8,"tt,125,1.1",-0.362031
tt,125,1.1,1.4,1.8,1.8,"tt,125,1.1",-0.469812
tt,125,1.1,1.5,1.8,1.8,"tt,125,1.1",-0.665521
tt,125,1.1,1.6,1.8,1.8,"tt,125,1.1",-1.60955
tt,125,1.1,1.7,1.8,1.8,"tt,125,1.1",-6.67914
tt,125,1.1,1.8,1.8,1.8,"tt,125,1.1",-23.2185
tt,27,0.9,0.0,1.8,1.8,"tt,27,0.9",95.76723
tt,27,0.9,0.1,1.8,1.8,"tt,27,0.9",35.1749
tt,27,0.9,0.2,1.8,1.8,"tt,27,0.9",6.256013
tt,27,0.9,0.3,1.8,1.8,"tt,27,0.9",-1.98755
tt,27,0.9,0.4,1.8,1.8,"tt,27,0.9",-3.70619
tt,27,0.9,0.5,1.8,1.8,"tt,27,0.9",-4.00917
tt,27,0.9,0.6,1.8,1.8,"tt,27,0.9",-4.13129
tt,27,0.9,0.7,1.8,1.8,"tt,27,0.9",-4.20956
tt,27,0.9,0.8,1.8,1.8,"tt,27,0.9",-4.26677
tt,27,0.9,0.9,1.8,1.8,"tt,27,0.9",-4.3101
tt,27,0.9,1.0,1.8,1.8,"tt,27,0.9",-4.35245
tt,27,0.9,1.1,1.8,1.8,"tt,27,0.9",-4.42465
tt,27,0.9,1.2,1.8,1.8,"tt,27,0.9",-4.67091
tt,27,0.9,1.3,1.8,1.8,"tt,27,0.9",-6.29841
tt,27,0.9,1.4,1.8,1.8,"tt,27,0.9",-14.2418
tt,27,0.9,1.5,1.8,1.8,"tt,27,0.9",-39.2018
tt,27,0.9,1.6,1.8,1.8,"tt,27,0.9",-87.5186
tt,27,0.9,1.7,1.8,1.8,"tt,27,0.9",-161.551
tt,27,0.9,1.8,1.8,1.8,"tt,27,0.9",-262.976
tt,27,1.0,0.0,1.8,1.8,"tt,27,1.0",99.49287
tt,27,1.0,0.1,1.8,1.8,"tt,27,1.0",38.90191
tt,27,1.0,0.2,1.8,1.8,"tt,27,1.0",9.984456
tt,27,1.0,0.3,1.8,1.8,"tt,27,1.0",1.742429
tt,27,1.0,0.4,1.8,1.8,"tt,27,1.0",0.02544608
tt,27,1.0,0.5,1.8,1.8,"tt,27,1.0",-0.275732
tt,27,1.0,0.6,1.8,1.8,"tt,27,1.0",-0.39585
tt,27,1.0,0.7,1.8,1.8,"tt,27,1.0",-0.471838
tt,27,1.0,0.8,1.8,1.8,"tt,27,1.0",-0.526187
tt,27,1.0,0.9,1.8,1.8,"tt,27,1.0",-0.564307
tt,27,1.0,1.0,1.8,1.8,"tt,27,1.0",-0.593115
tt,27,1.0,1.1,1.8,1.8,"tt,27,1.0",-0.627881
tt,27,1.0,1.2,1.8,1.8,"tt,27,1.0",-0.677579
tt,27,1.0,1.3,1.8,1.8,"tt,27,1.0",-0.75961
tt,27,1.0,1.4,1.8,1.8,"tt,27,1.0",-1.05855
tt,27,1.0,1.5,1.8,1.8,"tt,27,1.0",-3.18736
tt,27,1.0,1.6,1.8,1.8,"tt,27,1.0",-13.5345
tt,27,1.0,1.7,1.8,1.8,"tt,27,1.0",-44.1938
tt,27,1.0,1.8,1.8,1.8,"tt,27,1.0",-100.049
tt,27,1.1,0.0,1.8,1.8,"tt,27,1.1",99.83137
tt,27,1.1,0.1,1.8,1.8,"tt,27,1.1",39.24102
tt,27,1.1,0.2,1.8,1.8,"tt,27,1.1",10.32422
tt,27,1.1,0.3,1.8,1.8,"tt,27,1.1",2.082877
tt,27,1.1,0.4,1.8,1.8,"tt,27,1.1",0.3666184
tt,27,1.1,0.5,1.8,1.8,"tt,27,1.1",0.06621345
tt,27,1.1,0.6,1.8,1.8,"tt,27,1.1",-0.0530681
tt,27,1.1,0.7,1.8,1.8,"tt,27,1.1",-0.128126
tt,27,1.1,0.8,1.8,1.8,"tt,27,1.1",-0.181352
tt,27,1.1,0.9,1.8,1.8,"tt,27,1.1",-0.217574
tt,27,1.1,1.0,1.8,1.8,"tt,27,1.1",-0.241942
tt,27,1.1,1.1,1.8,1.8,"tt,27,1.1",-0.2684
tt,27,1.1,1.2,1.8,1.8,"tt,27,1.1",-0.302878
tt,27,1.1,1.3,1.8,1.8,"tt,27,1.1",-0.346433
tt,27,1.1,1.4,1.8,1.8,"tt,27,1.1",-0.402881
tt,27,1.1,1.5,1.8,1.8,"tt,27,1.1",-0.493529
tt,27,1.1,1.6,1.8,1.8,"tt,27,1.1",-0.869816
tt,27,1.1,1.7,1.8,1.8,"tt,27,1.1",-3.612
tt,27,1.1,1.8,1.8,1.8,"tt,27,1.1",-16.6364
