process,temp,supply,control,corner name,Power (mW),vn,vp,differential swing,Oscillation Status,freq (GHZ),failed corners
ff,-40,0.9,0.0,"ff,-40,0.9",-25.0776,1.010083e+00,2.502402e-01,2.754038,True,2.285767,
ff,-40,0.9,0.1,"ff,-40,0.9",4353.893999999999,2.264854e-02,1.083217e+00,2.74386,True,2.32453,
ff,-40,0.9,0.2,"ff,-40,0.9",-344.4948,1.127919e+00,-3.00914e-02,2.738024,True,2.368612,
ff,-40,0.9,0.3,"ff,-40,0.9",2.6189999999999998,7.599547e-01,7.599505e-01,2.734012,True,2.411242,
ff,-40,0.9,0.4,"ff,-40,0.9",2.655,7.600337e-01,7.600444e-01,2.750432,True,2.452638,
ff,-40,0.9,0.5,"ff,-40,0.9",394.9326,1.360171e+00,6.242661e-03,2.792494,True,2.487571,
ff,-40,0.9,0.6,"ff,-40,0.9",224.8146,5.743946e-01,6.941236e-01,2.844354,True,2.520773,
ff,-40,0.9,0.7,"ff,-40,0.9",2.5416000000000003,7.600740e-01,7.600619e-01,2.899792,True,2.553284,
ff,-40,0.9,0.8,"ff,-40,0.9",110.35079999999999,1.101794e+00,1.555014e-01,2.95237,True,2.587818,
ff,-40,0.9,0.9,"ff,-40,0.9",244.1196,1.418228e+00,2.672766e-02,2.996816,True,2.621554,
ff,-40,0.9,1.0,"ff,-40,0.9",471.5172,1.386324e+00,4.363818e-02,3.030904,True,2.648722,
ff,-40,0.9,1.1,"ff,-40,0.9",169.85520000000002,4.338188e-02,1.379321e+00,3.053534,True,2.664771,
ff,-40,0.9,1.2,"ff,-40,0.9",174.43800000000002,4.303120e-01,7.300706e-01,3.064608,True,2.671254,
ff,-40,0.9,1.3,"ff,-40,0.9",90.171,1.345821e+00,-4.22642e-02,3.068654,True,2.672803,
ff,-40,0.9,1.4,"ff,-40,0.9",85.2552,1.286344e+00,-3.35719e-02,3.069866,True,2.673997,
ff,-40,0.9,1.5,"ff,-40,0.9",229.4226,2.989710e-01,8.821675e-01,3.070176,True,2.674074,
ff,-40,0.9,1.6,"ff,-40,0.9",-128.6028,1.787517e-02,1.453977e+00,3.07034,True,2.674561,
ff,-40,0.9,1.7,"ff,-40,0.9",-43.043400000000005,1.226597e+00,7.754688e-02,3.070548,True,2.673776,
ff,-40,0.9,1.8,"ff,-40,0.9",147.3048,2.557348e-02,1.429653e+00,3.070524,True,2.67386,
ff,-40,1.0,0.0,"ff,-40,1.0",4.311,7.889671e-01,7.889672e-01,2.799526,True,2.271895,
ff,-40,1.0,0.1,"ff,-40,1.0",23.146200000000004,8.045388e-01,5.346803e-01,2.790554,True,2.310648,
ff,-40,1.0,0.2,"ff,-40,1.0",-144.1962,1.215864e-01,1.152241e+00,2.782852,True,2.351212,
ff,-40,1.0,0.3,"ff,-40,1.0",508.0428,1.313391e+00,-5.82258e-03,2.785456,True,2.392265,
ff,-40,1.0,0.4,"ff,-40,1.0",-3746.0052,6.509850e-02,1.282354e+00,2.801926,True,2.43257,
ff,-40,1.0,0.5,"ff,-40,1.0",-298.87019999999995,2.864487e-01,9.118439e-01,2.842776,True,2.465224,
ff,-40,1.0,0.6,"ff,-40,1.0",-4.0824,8.505235e-02,1.039285e+00,2.899118,True,2.495224,
ff,-40,1.0,0.7,"ff,-40,1.0",4.2804,7.886482e-01,7.889168e-01,2.96029,True,2.525712,
ff,-40,1.0,0.8,"ff,-40,1.0",4.305600000000001,7.887748e-01,7.887994e-01,3.019898,True,2.556987,
ff,-40,1.0,0.9,"ff,-40,1.0",-137.09879999999998,1.171728e+00,3.994471e-02,3.073892,True,2.587905,
ff,-40,1.0,1.0,"ff,-40,1.0",-153.09,8.143830e-02,1.260501e+00,3.119022,True,2.615005,
ff,-40,1.0,1.1,"ff,-40,1.0",4.2984,7.888310e-01,7.888232e-01,3.152016,True,2.633503,
ff,-40,1.0,1.2,"ff,-40,1.0",4.3271999999999995,7.888129e-01,7.888125e-01,3.17133,True,2.643249,
ff,-40,1.0,1.3,"ff,-40,1.0",21.9636,1.291647e+00,6.941718e-02,3.17957,True,2.646469,
ff,-40,1.0,1.4,"ff,-40,1.0",4.3128,7.887954e-01,7.887843e-01,3.182268,True,2.647784,
ff,-40,1.0,1.5,"ff,-40,1.0",-27.9936,8.155021e-01,3.693933e-01,3.183082,True,2.648015,
ff,-40,1.0,1.6,"ff,-40,1.0",-30.794400000000003,9.842496e-01,1.899038e-01,3.183338,True,2.648321,
ff,-40,1.0,1.7,"ff,-40,1.0",43.8804,-6.20187e-03,1.193534e+00,3.18342,True,2.648114,
ff,-40,1.0,1.8,"ff,-40,1.0",-13.6782,3.351857e-02,1.451554e+00,3.183452,True,2.648652,
ff,-40,1.1,0.0,"ff,-40,1.1",-9001.0584,-2.24543e-02,1.304437e+00,2.84586,True,2.260765,
ff,-40,1.1,0.1,"ff,-40,1.1",-241.82819999999998,-8.92955e-02,1.222964e+00,2.83418,True,2.296641,
ff,-40,1.1,0.2,"ff,-40,1.1",-47.0178,1.001217e+00,2.710780e-01,2.825506,True,2.337809,
ff,-40,1.1,0.3,"ff,-40,1.1",-172.2456,-2.62781e-02,1.138406e+00,2.828076,True,2.379162,
ff,-40,1.1,0.4,"ff,-40,1.1",33857.64,1.365688e+00,2.835832e-02,2.843942,True,2.416048,
ff,-40,1.1,0.5,"ff,-40,1.1",4.6242,7.928323e-01,7.928315e-01,2.885612,True,2.447741,
ff,-40,1.1,0.6,"ff,-40,1.1",340.218,3.334174e-02,1.393177e+00,2.944336,True,2.476389,
ff,-40,1.1,0.7,"ff,-40,1.1",4.636800000000001,7.929895e-01,7.926819e-01,3.0053,True,2.50542,
ff,-40,1.1,0.8,"ff,-40,1.1",-2284.6715999999997,7.947928e-01,4.104874e-01,3.068756,True,2.535697,
ff,-40,1.1,0.9,"ff,-40,1.1",4.6296,7.929311e-01,7.929622e-01,3.12526,True,2.565755,
ff,-40,1.1,1.0,"ff,-40,1.1",4.6422,7.931524e-01,7.931682e-01,3.174422,True,2.593154,
ff,-40,1.1,1.1,"ff,-40,1.1",-39.3138,-2.88228e-02,1.517193e+00,3.212778,True,2.614366,
ff,-40,1.1,1.2,"ff,-40,1.1",4.644,7.926540e-01,7.926889e-01,3.237872,True,2.625862,
ff,-40,1.1,1.3,"ff,-40,1.1",4.631400000000001,7.927544e-01,7.927265e-01,3.24987,True,2.630914,
ff,-40,1.1,1.4,"ff,-40,1.1",-65.1816,1.052347e+00,1.748888e-01,3.253802,True,2.632008,
ff,-40,1.1,1.5,"ff,-40,1.1",13.8024,-4.12884e-02,1.522676e+00,3.254992,True,2.632935,
ff,-40,1.1,1.6,"ff,-40,1.1",4.6458,7.928587e-01,7.928762e-01,3.255364,True,2.632831,
ff,-40,1.1,1.7,"ff,-40,1.1",17.4906,6.108531e-01,5.610328e-01,3.25548,True,2.632965,
ff,-40,1.1,1.8,"ff,-40,1.1",29.5722,1.155449e-01,1.153992e+00,3.25553,True,2.633132,
ff,125,0.9,0.0,"ff,125,0.9",4.7466,7.149071e-01,7.149057e-01,2.570206,True,2.243955,
ff,125,0.9,0.1,"ff,125,0.9",-191.0646,1.174989e+00,5.580932e-02,2.55839,True,2.27588,
ff,125,0.9,0.2,"ff,125,0.9",-37744.00199999999,1.070935e-01,1.130785e+00,2.550218,True,2.313031,
ff,125,0.9,0.3,"ff,125,0.9",-15084.9216,1.157171e+00,-8.14442e-02,2.548826,True,2.355011,
ff,125,0.9,0.4,"ff,125,0.9",4.7412,7.148707e-01,7.148771e-01,2.55789,True,2.397537,
ff,125,0.9,0.5,"ff,125,0.9",4.739400000000001,7.149016e-01,7.149001e-01,2.580552,True,2.438421,
ff,125,0.9,0.6,"ff,125,0.9",4.7501999999999995,7.149333e-01,7.149210e-01,2.616392,True,2.475851,
ff,125,0.9,0.7,"ff,125,0.9",4.7628,7.149772e-01,7.149820e-01,2.659906,True,2.509609,
ff,125,0.9,0.8,"ff,125,0.9",4.7646,7.148989e-01,7.149144e-01,2.70409,True,2.540219,
ff,125,0.9,0.9,"ff,125,0.9",4.7304,7.148483e-01,7.148263e-01,2.743654,True,2.567776,
ff,125,0.9,1.0,"ff,125,0.9",-1.2329999999999999,7.575949e-01,4.695065e-01,2.77563,True,2.590265,
ff,125,0.9,1.1,"ff,125,0.9",4.7412,7.148811e-01,7.148318e-01,2.79889,True,2.605884,
ff,125,0.9,1.2,"ff,125,0.9",4.7412,7.148956e-01,7.148788e-01,2.81394,True,2.615659,
ff,125,0.9,1.3,"ff,125,0.9",4.748400000000001,7.148771e-01,7.148748e-01,2.822614,True,2.621619,
ff,125,0.9,1.4,"ff,125,0.9",4.7412,7.148457e-01,7.148448e-01,2.82709,True,2.624376,
ff,125,0.9,1.5,"ff,125,0.9",-0.6786,1.340284e-01,1.094517e+00,2.829342,True,2.62577,
ff,125,0.9,1.6,"ff,125,0.9",15.4296,6.634164e-01,5.820526e-01,2.830434,True,2.626336,
ff,125,0.9,1.7,"ff,125,0.9",-84.5694,1.346229e+00,-2.43176e-02,2.83093,True,2.626783,
ff,125,0.9,1.8,"ff,125,0.9",-20.0214,1.302059e+00,2.785589e-02,2.83115,True,2.62682,
ff,125,1.0,0.0,"ff,125,1.0",-223.41240000000002,3.425119e-01,9.033019e-01,2.609574,True,2.235724,
ff,125,1.0,0.1,"ff,125,1.0",39.6738,7.896205e-01,4.965695e-01,2.597136,True,2.266293,
ff,125,1.0,0.2,"ff,125,1.0",29530.08,7.186850e-02,1.032609e+00,2.586884,True,2.303109,
ff,125,1.0,0.3,"ff,125,1.0",39.7134,1.166762e+00,-8.76657e-02,2.585516,True,2.343788,
ff,125,1.0,0.4,"ff,125,1.0",20.1726,1.071664e+00,-2.59714e-02,2.594328,True,2.38524,
ff,125,1.0,0.5,"ff,125,1.0",157.2318,1.192868e+00,-6.29356e-02,2.61739,True,2.42524,
ff,125,1.0,0.6,"ff,125,1.0",-14.059800000000001,2.202870e-01,1.034506e+00,2.654416,True,2.460989,
ff,125,1.0,0.7,"ff,125,1.0",1841.04,1.015608e+00,2.674396e-01,2.700454,True,2.493841,
ff,125,1.0,0.8,"ff,125,1.0",4.9032,7.179040e-01,7.179185e-01,2.748044,True,2.524002,
ff,125,1.0,0.9,"ff,125,1.0",4.933800000000001,7.179938e-01,7.179619e-01,2.791854,True,2.550224,
ff,125,1.0,1.0,"ff,125,1.0",4.9302,7.179882e-01,7.179659e-01,2.82845,True,2.573101,
ff,125,1.0,1.1,"ff,125,1.0",4.9068000000000005,7.179959e-01,7.179255e-01,2.856138,True,2.590123,
ff,125,1.0,1.2,"ff,125,1.0",40.998599999999996,9.846979e-01,2.211514e-01,2.874826,True,2.600651,
ff,125,1.0,1.3,"ff,125,1.0",-269.5572,2.449648e-01,9.458654e-01,2.886006,True,2.606621,
ff,125,1.0,1.4,"ff,125,1.0",-16.317,-1.61947e-02,1.371068e+00,2.89203,True,2.610228,
ff,125,1.0,1.5,"ff,125,1.0",-110.655,7.918341e-01,4.157630e-01,2.895048,True,2.611698,
ff,125,1.0,1.6,"ff,125,1.0",7.3602,-4.22165e-02,1.332750e+00,2.896506,True,2.612977,
ff,125,1.0,1.7,"ff,125,1.0",84.75300000000001,7.492359e-02,1.247526e+00,2.897204,True,2.613279,
ff,125,1.0,1.8,"ff,125,1.0",-40.120200000000004,-2.51928e-02,1.278330e+00,2.897544,True,2.613282,
ff,125,1.1,0.0,"ff,125,1.1",11.6316,1.158817e+00,1.346777e-01,2.643256,True,2.228662,
ff,125,1.1,0.1,"ff,125,1.1",147.69,-2.17862e-03,1.152298e+00,2.629886,True,2.258774,
ff,125,1.1,0.2,"ff,125,1.1",300.951,4.513290e-01,8.741209e-01,2.619908,True,2.294849,
ff,125,1.1,0.3,"ff,125,1.1",-330.8616,1.020503e+00,1.000586e-01,2.616744,True,2.334997,
ff,125,1.1,0.4,"ff,125,1.1",-488.61000000000007,-5.38308e-02,1.177175e+00,2.62565,True,2.374707,
ff,125,1.1,0.5,"ff,125,1.1",62.3196,9.700286e-01,3.235890e-01,2.648578,True,2.413834,
ff,125,1.1,0.6,"ff,125,1.1",94.3272,-7.40483e-02,1.222908e+00,2.686348,True,2.449505,
ff,125,1.1,0.7,"ff,125,1.1",29.955600000000004,-4.94851e-02,1.286088e+00,2.733962,True,2.480872,
ff,125,1.1,0.8,"ff,125,1.1",5.058,7.204093e-01,7.203538e-01,2.783958,True,2.510256,
ff,125,1.1,0.9,"ff,125,1.1",5.059800000000001,7.203737e-01,7.203617e-01,2.830644,True,2.53674,
ff,125,1.1,1.0,"ff,125,1.1",5.0382,7.203919e-01,7.203775e-01,2.87041,True,2.559548,
ff,125,1.1,1.1,"ff,125,1.1",5.0382,7.203868e-01,7.203722e-01,2.901236,True,2.576847,
ff,125,1.1,1.2,"ff,125,1.1",154.9962,1.247899e+00,-1.64598e-02,2.922682,True,2.588816,
ff,125,1.1,1.3,"ff,125,1.1",-244.1304,4.322816e-01,7.908724e-01,2.935888,True,2.595933,
ff,125,1.1,1.4,"ff,125,1.1",164.20860000000002,1.396401e+00,-3.59924e-02,2.943156,True,2.599782,
ff,125,1.1,1.5,"ff,125,1.1",532.2978,7.541223e-01,5.023103e-01,2.94689,True,2.601983,
ff,125,1.1,1.6,"ff,125,1.1",-369.74340000000007,1.388776e+00,-1.54450e-02,2.94869,True,2.6024,
ff,125,1.1,1.7,"ff,125,1.1",-34.15860000000001,9.419596e-01,2.622836e-01,2.949556,True,2.603323,
ff,125,1.1,1.8,"ff,125,1.1",11.7792,-3.11790e-02,1.391289e+00,2.949974,True,2.60345,
ff,27,0.9,0.0,"ff,27,0.9",1004.4558000000001,2.315767e-01,1.026717e+00,2.679882,True,2.265111,
ff,27,0.9,0.1,"ff,27,0.9",21.8214,-5.80353e-02,1.240499e+00,2.6689,True,2.301143,
ff,27,0.9,0.2,"ff,27,0.9",72.0972,3.578519e-02,1.048921e+00,2.661256,True,2.342806,
ff,27,0.9,0.3,"ff,27,0.9",-259.58340000000004,1.403729e-01,9.590046e-01,2.66045,True,2.386557,
ff,27,0.9,0.4,"ff,27,0.9",2482.7400000000002,-4.38282e-02,1.271665e+00,2.673932,True,2.428964,
ff,27,0.9,0.5,"ff,27,0.9",-313.33320000000003,3.026712e-02,1.281567e+00,2.707014,True,2.466094,
ff,27,0.9,0.6,"ff,27,0.9",4.1598,7.508703e-01,7.508649e-01,2.754204,True,2.50064,
ff,27,0.9,0.7,"ff,27,0.9",4.1652,7.508333e-01,7.508343e-01,2.80701,True,2.533302,
ff,27,0.9,0.8,"ff,27,0.9",4.188600000000001,7.508512e-01,7.508689e-01,2.85808,True,2.565302,
ff,27,0.9,0.9,"ff,27,0.9",4.1778,7.508474e-01,7.508569e-01,2.902452,True,2.595534,
ff,27,0.9,1.0,"ff,27,0.9",-632.5326000000001,8.317333e-02,1.256571e+00,2.937148,True,2.61929,
ff,27,0.9,1.1,"ff,27,0.9",4.185,7.509212e-01,7.508359e-01,2.960352,True,2.635349,
ff,27,0.9,1.2,"ff,27,0.9",103.37939999999999,1.423877e+00,-4.86297e-02,2.974234,True,2.643991,
ff,27,0.9,1.3,"ff,27,0.9",52.932599999999994,1.465909e+00,5.971934e-04,2.980706,True,2.6476,
ff,27,0.9,1.4,"ff,27,0.9",-27.892799999999998,8.034335e-02,1.102309e+00,2.983344,True,2.649289,
ff,27,0.9,1.5,"ff,27,0.9",4.1724000000000006,7.508554e-01,7.508786e-01,2.984372,True,2.650205,
ff,27,0.9,1.6,"ff,27,0.9",44.649,1.339393e+00,-3.06950e-02,2.984776,True,2.650456,
ff,27,0.9,1.7,"ff,27,0.9",76.9914,1.609726e-01,1.017602e+00,2.984938,True,2.650525,
ff,27,0.9,1.8,"ff,27,0.9",-12.648600000000002,1.406263e+00,2.921048e-02,2.985008,True,2.650626,
ff,27,1.0,0.0,"ff,27,1.0",25.1892,7.708078e-01,5.120580e-01,2.72452,True,2.254289,
ff,27,1.0,0.1,"ff,27,1.0",19.6956,2.434463e-01,1.024790e+00,2.712782,True,2.289009,
ff,27,1.0,0.2,"ff,27,1.0",4.6566,7.582484e-01,7.582579e-01,2.70464,True,2.329052,
ff,27,1.0,0.3,"ff,27,1.0",364.13640000000004,-1.94873e-03,1.100172e+00,2.702746,True,2.372362,
ff,27,1.0,0.4,"ff,27,1.0",2865.924,6.564730e-01,7.458313e-01,2.718154,True,2.411511,
ff,27,1.0,0.5,"ff,27,1.0",4.654800000000001,7.583360e-01,7.583453e-01,2.7501,True,2.44862,
ff,27,1.0,0.6,"ff,27,1.0",4.660200000000001,7.584373e-01,7.584693e-01,2.799392,True,2.481228,
ff,27,1.0,0.7,"ff,27,1.0",4.6476,7.584559e-01,7.584636e-01,2.855866,True,2.51189,
ff,27,1.0,0.8,"ff,27,1.0",4.617000000000001,7.577927e-01,7.577971e-01,2.91204,True,2.542182,
ff,27,1.0,0.9,"ff,27,1.0",4.6512,7.586960e-01,7.586810e-01,2.963018,True,2.57036,
ff,27,1.0,1.0,"ff,27,1.0",4.671,7.585295e-01,7.585071e-01,3.005374,True,2.59504,
ff,27,1.0,1.1,"ff,27,1.0",4.6584,7.584495e-01,7.584326e-01,3.03676,True,2.612057,
ff,27,1.0,1.2,"ff,27,1.0",4.6458,7.584147e-01,7.584367e-01,3.056528,True,2.622813,
ff,27,1.0,1.3,"ff,27,1.0",147.9744,9.428069e-01,2.737824e-01,3.066762,True,2.627611,
ff,27,1.0,1.4,"ff,27,1.0",-45.4176,5.896922e-01,6.189016e-01,3.071166,True,2.629763,
ff,27,1.0,1.5,"ff,27,1.0",20.9682,8.600110e-02,1.268423e+00,3.07282,True,2.630321,
ff,27,1.0,1.6,"ff,27,1.0",4.6494,7.583633e-01,7.583722e-01,3.073458,True,2.630723,
ff,27,1.0,1.7,"ff,27,1.0",-23.463,1.430052e+00,3.628981e-02,3.073714,True,2.630741,
ff,27,1.0,1.8,"ff,27,1.0",4.6512,7.584548e-01,7.584430e-01,3.073782,True,2.630874,
ff,27,1.1,0.0,"ff,27,1.1",-320.95980000000003,1.129164e+00,1.615062e-01,2.762542,True,2.245082,
ff,27,1.1,0.1,"ff,27,1.1",9.0198,7.431747e-01,5.952589e-01,2.749964,True,2.28001,
ff,27,1.1,0.2,"ff,27,1.1",4.836600000000001,7.609989e-01,7.609769e-01,2.739602,True,2.318288,
ff,27,1.1,0.3,"ff,27,1.1",4.832999999999999,7.610259e-01,7.610002e-01,2.73843,True,2.35979,
ff,27,1.1,0.4,"ff,27,1.1",209.8908,1.314872e+00,-4.40981e-02,2.753732,True,2.399269,
ff,27,1.1,0.5,"ff,27,1.1",4.8348,7.609948e-01,7.610792e-01,2.786224,True,2.434437,
ff,27,1.1,0.6,"ff,27,1.1",46.7766,8.765561e-01,4.869561e-01,2.836526,True,2.465556,
ff,27,1.1,0.7,"ff,27,1.1",4.8402,7.609546e-01,7.609734e-01,2.894764,True,2.495323,
ff,27,1.1,0.8,"ff,27,1.1",4.8438,7.610208e-01,7.610359e-01,2.95365,True,2.524745,
ff,27,1.1,0.9,"ff,27,1.1",4.7898000000000005,7.604274e-01,7.604358e-01,3.00772,True,2.552399,
ff,27,1.1,1.0,"ff,27,1.1",4.870800000000001,7.614311e-01,7.614150e-01,3.053714,True,2.577537,
ff,27,1.1,1.1,"ff,27,1.1",4.8258,7.607165e-01,7.607091e-01,3.089098,True,2.596676,
ff,27,1.1,1.2,"ff,27,1.1",4.842,7.610109e-01,7.609875e-01,3.112536,True,2.608643,
ff,27,1.1,1.3,"ff,27,1.1",4.8384,7.609865e-01,7.610059e-01,3.125296,True,2.613698,
ff,27,1.1,1.4,"ff,27,1.1",4.832999999999999,7.611420e-01,7.611333e-01,3.131064,True,2.616281,
ff,27,1.1,1.5,"ff,27,1.1",105.1416,1.274796e+00,9.926543e-03,3.133378,True,2.617518,
ff,27,1.1,1.6,"ff,27,1.1",2.1042,1.535232e+00,7.018131e-03,3.134282,True,2.617645,
ff,27,1.1,1.7,"ff,27,1.1",44.0892,1.502089e+00,-3.54691e-03,3.134638,True,2.617826,
ff,27,1.1,1.8,"ff,27,1.1",58.17059999999999,3.063933e-03,1.510524e+00,3.13478,True,2.617959,
fs,-40,0.9,0.0,"fs,-40,0.9",-1236.0042,8.211155e-01,5.346717e-01,2.812546,True,2.326027,
fs,-40,0.9,0.1,"fs,-40,0.9",178.3836,1.300806e+00,-5.76097e-02,2.80343,True,2.364613,
fs,-40,0.9,0.2,"fs,-40,0.9",-938.9340000000001,1.317573e+00,-7.26214e-02,2.798396,True,2.40639,
fs,-40,0.9,0.3,"fs,-40,0.9",-294.4026,1.078430e+00,2.671065e-01,2.799446,True,2.448157,
fs,-40,0.9,0.4,"fs,-40,0.9",64745.82000000001,1.025034e+00,1.765526e-01,2.814978,True,2.48695,
fs,-40,0.9,0.5,"fs,-40,0.9",2.6603999999999997,7.914090e-01,7.913915e-01,2.843498,True,2.521302,
fs,-40,0.9,0.6,"fs,-40,0.9",1202.85,6.433296e-02,1.331894e+00,2.891036,True,2.552493,
fs,-40,0.9,0.7,"fs,-40,0.9",2.628,7.913948e-01,7.914127e-01,2.938618,True,2.582559,
fs,-40,0.9,0.8,"fs,-40,0.9",-63.45720000000001,1.363141e+00,-6.56797e-02,2.983128,True,2.611677,
fs,-40,0.9,0.9,"fs,-40,0.9",-227.2482,1.462828e+00,-5.94650e-03,3.020216,True,2.637638,
fs,-40,0.9,1.0,"fs,-40,0.9",-3359.4606000000003,1.193820e+00,4.693742e-02,3.046044,True,2.655506,
fs,-40,0.9,1.1,"fs,-40,0.9",-177.372,-4.76761e-03,1.496062e+00,3.060758,True,2.664518,
fs,-40,0.9,1.2,"fs,-40,0.9",2.6064,7.913575e-01,7.913589e-01,3.066488,True,2.667458,
fs,-40,0.9,1.3,"fs,-40,0.9",2.7198,7.914408e-01,7.914436e-01,3.07084,True,2.668792,
fs,-40,0.9,1.4,"fs,-40,0.9",23.002200000000002,8.347594e-01,4.222299e-01,3.069126,True,2.668736,
fs,-40,0.9,1.5,"fs,-40,0.9",-86.8374,-3.76406e-02,1.405424e+00,3.069448,True,2.669052,
fs,-40,0.9,1.6,"fs,-40,0.9",2.6442,7.913639e-01,7.913887e-01,3.069202,True,2.668837,
fs,-40,0.9,1.7,"fs,-40,0.9",-36.7164,5.506873e-02,1.383338e+00,3.06965,True,2.669226,
fs,-40,0.9,1.8,"fs,-40,0.9",88.236,-7.25885e-03,1.496817e+00,3.069354,True,2.669038,
fs,-40,1.0,0.0,"fs,-40,1.0",-5.6754,1.270597e+00,1.016018e-01,2.860976,True,2.312575,
fs,-40,1.0,0.1,"fs,-40,1.0",-532.7532,-3.75142e-03,1.388149e+00,2.850292,True,2.349525,
fs,-40,1.0,0.2,"fs,-40,1.0",-273.438,1.092269e+00,2.853907e-01,2.844976,True,2.390085,
fs,-40,1.0,0.3,"fs,-40,1.0",709.3152,6.795003e-01,8.214772e-01,2.844294,True,2.4306,
fs,-40,1.0,0.4,"fs,-40,1.0",-2424.7116,1.385601e+00,-4.99281e-04,2.860054,True,2.467933,
fs,-40,1.0,0.5,"fs,-40,1.0",-722.0790000000001,1.291854e+00,-6.79193e-02,2.89568,True,2.500184,
fs,-40,1.0,0.6,"fs,-40,1.0",14712.084,1.037652e+00,1.933996e-01,2.944094,True,2.528765,
fs,-40,1.0,0.7,"fs,-40,1.0",4.266000000000001,8.249356e-01,8.249238e-01,2.997758,True,2.556405,
fs,-40,1.0,0.8,"fs,-40,1.0",4.3218,8.248552e-01,8.248596e-01,3.050086,True,2.583398,
fs,-40,1.0,0.9,"fs,-40,1.0",4.3128,8.249025e-01,8.249211e-01,3.09699,True,2.607845,
fs,-40,1.0,1.0,"fs,-40,1.0",1318.7538000000002,7.815956e-01,4.946405e-01,3.134244,True,2.626625,
fs,-40,1.0,1.1,"fs,-40,1.0",4.2912,8.249698e-01,8.248962e-01,3.157866,True,2.637644,
fs,-40,1.0,1.2,"fs,-40,1.0",-18.828,7.718550e-02,1.154982e+00,3.169566,True,2.642559,
fs,-40,1.0,1.3,"fs,-40,1.0",-6.7644,1.521135e+00,1.150961e-02,3.17373,True,2.644247,
fs,-40,1.0,1.4,"fs,-40,1.0",-100.09800000000001,8.951076e-01,3.583039e-01,3.175006,True,2.644712,
fs,-40,1.0,1.5,"fs,-40,1.0",4.3038,8.239258e-01,8.259025e-01,3.175398,True,2.6449,
fs,-40,1.0,1.6,"fs,-40,1.0",132.41160000000002,5.327083e-01,7.254840e-01,3.175526,True,2.644637,
fs,-40,1.0,1.7,"fs,-40,1.0",4.2948,8.249105e-01,8.249821e-01,3.175578,True,2.644739,
fs,-40,1.0,1.8,"fs,-40,1.0",-26.3898,1.416561e+00,-3.90541e-02,3.175602,True,2.644934,
fs,-40,1.1,0.0,"fs,-40,1.1",4.5935999999999995,8.301794e-01,8.301836e-01,2.903288,True,2.301898,
fs,-40,1.1,0.1,"fs,-40,1.1",-2019.9888,2.153047e-01,1.172243e+00,2.893278,True,2.338519,
fs,-40,1.1,0.2,"fs,-40,1.1",4.6188,8.298913e-01,8.298778e-01,2.887938,True,2.378506,
fs,-40,1.1,0.3,"fs,-40,1.1",-33.318,1.393800e-01,1.226421e+00,2.8869,True,2.417007,
fs,-40,1.1,0.4,"fs,-40,1.1",4.622400000000001,8.297476e-01,8.297438e-01,2.901296,True,2.452834,
fs,-40,1.1,0.5,"fs,-40,1.1",-1012.6295999999999,1.240102e+00,1.511282e-01,2.93748,True,2.483715,
fs,-40,1.1,0.6,"fs,-40,1.1",4.6206,8.298779e-01,8.299348e-01,2.986474,True,2.51138,
fs,-40,1.1,0.7,"fs,-40,1.1",5016.0779999999995,1.475813e+00,-2.44875e-02,3.042778,True,2.537994,
fs,-40,1.1,0.8,"fs,-40,1.1",21589.920000000002,1.523913e+00,1.792865e-02,3.097468,True,2.563778,
fs,-40,1.1,0.9,"fs,-40,1.1",4.6206,8.298890e-01,8.298755e-01,3.147876,True,2.588521,
fs,-40,1.1,1.0,"fs,-40,1.1",4.6278,8.299075e-01,8.299450e-01,3.189662,True,2.608488,
fs,-40,1.1,1.1,"fs,-40,1.1",-43.648199999999996,2.832972e-01,1.006627e+00,3.219142,True,2.621108,
fs,-40,1.1,1.2,"fs,-40,1.1",4.6062,8.299459e-01,8.299266e-01,3.235018,True,2.627513,
fs,-40,1.1,1.3,"fs,-40,1.1",4.6134,8.298084e-01,8.298105e-01,3.241182,True,2.629783,
fs,-40,1.1,1.4,"fs,-40,1.1",4.6044,8.299052e-01,8.298940e-01,3.243058,True,2.63024,
fs,-40,1.1,1.5,"fs,-40,1.1",21.612600000000004,-4.92421e-02,1.490852e+00,3.243628,True,2.630266,
fs,-40,1.1,1.6,"fs,-40,1.1",4.6098,8.298571e-01,8.299192e-01,3.243816,True,2.630601,
fs,-40,1.1,1.7,"fs,-40,1.1",13.1994,1.497562e+00,4.138850e-02,3.243884,True,2.630597,
fs,-40,1.1,1.8,"fs,-40,1.1",4.6188,8.299035e-01,8.299141e-01,3.24391,True,2.630774,
fs,125,0.9,0.0,"fs,125,0.9",63.0882,1.215884e+00,-5.92831e-02,2.633286,True,2.28029,
fs,125,0.9,0.1,"fs,125,0.9",23.328,2.034856e-01,1.110452e+00,2.623462,True,2.311836,
fs,125,0.9,0.2,"fs,125,0.9",4.7322,7.528835e-01,7.528976e-01,2.617408,True,2.348639,
fs,125,0.9,0.3,"fs,125,0.9",4.7214,7.529728e-01,7.529683e-01,2.617174,True,2.388826,
fs,125,0.9,0.4,"fs,125,0.9",-24.922800000000002,4.087240e-02,1.220487e+00,2.625834,True,2.429426,
fs,125,0.9,0.5,"fs,125,0.9",4.734,7.528861e-01,7.529185e-01,2.645806,True,2.468748,
fs,125,0.9,0.6,"fs,125,0.9",4.7178,7.528958e-01,7.528766e-01,2.6763,True,2.504079,
fs,125,0.9,0.7,"fs,125,0.9",4.712400000000001,7.530331e-01,7.530299e-01,2.712562,True,2.535148,
fs,125,0.9,0.8,"fs,125,0.9",4.7142,7.528984e-01,7.529247e-01,2.748332,True,2.562559,
fs,125,0.9,0.9,"fs,125,0.9",4.7105999999999995,7.526878e-01,7.527003e-01,2.779264,True,2.585162,
fs,125,0.9,1.0,"fs,125,0.9",4.7322,7.528749e-01,7.528927e-01,2.803152,True,2.601946,
fs,125,0.9,1.1,"fs,125,0.9",4.7232,7.529211e-01,7.529275e-01,2.819574,True,2.612758,
fs,125,0.9,1.2,"fs,125,0.9",4.7304,7.529207e-01,7.529248e-01,2.829592,True,2.619589,
fs,125,0.9,1.3,"fs,125,0.9",4.7232,7.528974e-01,7.529143e-01,2.835072,True,2.622994,
fs,125,0.9,1.4,"fs,125,0.9",4.7232,7.528922e-01,7.529283e-01,2.837844,True,2.624527,
fs,125,0.9,1.5,"fs,125,0.9",4.7286,7.529224e-01,7.529195e-01,2.83919,True,2.625566,
fs,125,0.9,1.6,"fs,125,0.9",-506.8224,1.055517e+00,1.859346e-01,2.839842,True,2.625855,
fs,125,0.9,1.7,"fs,125,0.9",4.725,7.529195e-01,7.528981e-01,2.840138,True,2.626168,
fs,125,0.9,1.8,"fs,125,0.9",-489.99240000000003,-4.81230e-02,1.319309e+00,2.84031,True,2.626069,
fs,125,1.0,0.0,"fs,125,1.0",4.888800000000001,7.562056e-01,7.562180e-01,2.675398,True,2.272903,
fs,125,1.0,0.1,"fs,125,1.0",5.5314000000000005,4.286150e-01,9.180930e-01,2.66422,True,2.303856,
fs,125,1.0,0.2,"fs,125,1.0",-1.7964,1.015642e+00,2.345666e-01,2.656768,True,2.339659,
fs,125,1.0,0.3,"fs,125,1.0",-123.51780000000001,9.276772e-01,4.286937e-01,2.655672,True,2.378799,
fs,125,1.0,0.4,"fs,125,1.0",-207.42300000000003,5.502652e-01,8.506391e-01,2.66406,True,2.419083,
fs,125,1.0,0.5,"fs,125,1.0",71.29260000000001,2.883482e-01,9.857109e-01,2.684302,True,2.457129,
fs,125,1.0,0.6,"fs,125,1.0",4.8852,7.562365e-01,7.562218e-01,2.716136,True,2.491368,
fs,125,1.0,0.7,"fs,125,1.0",78.8472,-4.09092e-02,1.316641e+00,2.754728,True,2.521858,
fs,125,1.0,0.8,"fs,125,1.0",4.878,7.561739e-01,7.561949e-01,2.79392,True,2.548367,
fs,125,1.0,0.9,"fs,125,1.0",4.878,7.561841e-01,7.561905e-01,2.828934,True,2.57059,
fs,125,1.0,1.0,"fs,125,1.0",4.8996,7.562137e-01,7.562010e-01,2.857052,True,2.587937,
fs,125,1.0,1.1,"fs,125,1.0",39.438,1.295703e+00,7.181984e-02,2.877216,True,2.599322,
fs,125,1.0,1.2,"fs,125,1.0",4.8942000000000005,7.562245e-01,7.562164e-01,2.890022,True,2.606809,
fs,125,1.0,1.3,"fs,125,1.0",-12.3336,4.138170e-01,8.738940e-01,2.897258,True,2.610448,
fs,125,1.0,1.4,"fs,125,1.0",4.8942000000000005,7.562377e-01,7.562329e-01,2.900998,True,2.612422,
fs,125,1.0,1.5,"fs,125,1.0",18.8568,2.234416e-02,1.356059e+00,2.902836,True,2.613858,
fs,125,1.0,1.6,"fs,125,1.0",100.7226,1.301991e+00,-3.52880e-02,2.90372,True,2.614015,
fs,125,1.0,1.7,"fs,125,1.0",-12.6666,1.145362e+00,1.653926e-01,2.904148,True,2.614541,
fs,125,1.0,1.8,"fs,125,1.0",-45.3852,-6.78792e-03,1.266069e+00,2.904358,True,2.614661,
fs,125,1.1,0.0,"fs,125,1.1",-13.237200000000001,7.104718e-01,6.680510e-01,2.710808,True,2.266708,
fs,125,1.1,0.1,"fs,125,1.1",-104.7672,9.603338e-01,3.797641e-01,2.698732,True,2.296866,
fs,125,1.1,0.2,"fs,125,1.1",337.2444,1.200992e+00,-3.06767e-02,2.690264,True,2.331993,
fs,125,1.1,0.3,"fs,125,1.1",-375.9084,-5.52687e-02,1.245219e+00,2.688288,True,2.370825,
fs,125,1.1,0.4,"fs,125,1.1",-178.02360000000002,1.109354e+00,5.927534e-02,2.696348,True,2.409352,
fs,125,1.1,0.5,"fs,125,1.1",-2.6982,5.535070e-01,8.965422e-01,2.716684,True,2.446951,
fs,125,1.1,0.6,"fs,125,1.1",-142.0308,1.044296e+00,1.534127e-01,2.749248,True,2.480977,
fs,125,1.1,0.7,"fs,125,1.1",5.0292,7.589016e-01,7.589078e-01,2.789374,True,2.510565,
fs,125,1.1,0.8,"fs,125,1.1",5.0328,7.588861e-01,7.588867e-01,2.83084,True,2.536976,
fs,125,1.1,0.9,"fs,125,1.1",-0.6588,1.160788e+00,1.930150e-01,2.868562,True,2.559077,
fs,125,1.1,1.0,"fs,125,1.1",5.013,7.588354e-01,7.588230e-01,2.899572,True,2.576867,
fs,125,1.1,1.1,"fs,125,1.1",67.70700000000001,8.358852e-01,5.238367e-01,2.922472,True,2.589292,
fs,125,1.1,1.2,"fs,125,1.1",5.0184,7.588737e-01,7.588638e-01,2.93743,True,2.59681,
fs,125,1.1,1.3,"fs,125,1.1",24.7068,1.185715e+00,7.969071e-02,2.946102,True,2.600934,
fs,125,1.1,1.4,"fs,125,1.1",74.0592,1.370056e+00,3.571993e-02,2.950668,True,2.603893,
fs,125,1.1,1.5,"fs,125,1.1",155.90699999999998,8.109788e-01,4.909150e-01,2.952932,True,2.604888,
fs,125,1.1,1.6,"fs,125,1.1",33.75,7.262819e-01,6.219910e-01,2.954026,True,2.604839,
fs,125,1.1,1.7,"fs,125,1.1",75.51180000000001,1.267562e+00,1.038058e-01,2.954554,True,2.60521,
fs,125,1.1,1.8,"fs,125,1.1",-4.653,2.604322e-01,1.030743e+00,2.954814,True,2.605915,
fs,27,0.9,0.0,"fs,27,0.9",4.156199999999999,7.866025e-01,7.866275e-01,2.746448,True,2.305379,
fs,27,0.9,0.1,"fs,27,0.9",118.07820000000001,6.596873e-01,7.405420e-01,2.736136,True,2.341259,
fs,27,0.9,0.2,"fs,27,0.9",-20.745000000000005,7.924947e-01,6.397198e-01,2.729568,True,2.381467,
fs,27,0.9,0.3,"fs,27,0.9",173.2824,8.371875e-01,6.260605e-01,2.72989,True,2.422623,
fs,27,0.9,0.4,"fs,27,0.9",4.167,7.865038e-01,7.864855e-01,2.742816,True,2.463125,
fs,27,0.9,0.5,"fs,27,0.9",4.156199999999999,7.866012e-01,7.866338e-01,2.770528,True,2.499711,
fs,27,0.9,0.6,"fs,27,0.9",-812.871,1.154795e+00,2.172657e-01,2.810824,True,2.532324,
fs,27,0.9,0.7,"fs,27,0.9",-231.02999999999997,1.272110e+00,1.217037e-01,2.855502,True,2.562192,
fs,27,0.9,0.8,"fs,27,0.9",4.1616,7.866087e-01,7.866202e-01,2.897816,True,2.589418,
fs,27,0.9,0.9,"fs,27,0.9",31.896,1.305889e+00,-5.20433e-02,2.933444,True,2.612448,
fs,27,0.9,1.0,"fs,27,0.9",-41.4828,-3.77236e-03,1.445253e+00,2.959458,True,2.629668,
fs,27,0.9,1.1,"fs,27,0.9",4.1453999999999995,7.865612e-01,7.865552e-01,2.976092,True,2.63976,
fs,27,0.9,1.2,"fs,27,0.9",4.1616,7.865838e-01,7.865801e-01,2.984546,True,2.644316,
fs,27,0.9,1.3,"fs,27,0.9",21.672,1.361362e-01,1.208498e+00,2.988172,True,2.646121,
fs,27,0.9,1.4,"fs,27,0.9",-8.3826,3.847119e-02,1.401304e+00,2.98962,True,2.646984,
fs,27,0.9,1.5,"fs,27,0.9",4.158,7.866061e-01,7.866483e-01,2.99018,True,2.647346,
fs,27,0.9,1.6,"fs,27,0.9",-7.705800000000001,6.162480e-01,6.608307e-01,2.99037,True,2.64765,
fs,27,0.9,1.7,"fs,27,0.9",12.862799999999998,-2.09123e-02,1.335687e+00,2.990492,True,2.647563,
fs,27,0.9,1.8,"fs,27,0.9",-5.104800000000001,-3.90514e-02,1.336476e+00,2.990548,True,2.647607,
fs,27,1.0,0.0,"fs,27,1.0",4.6188,7.959737e-01,7.959646e-01,2.792296,True,2.295081,
fs,27,1.0,0.1,"fs,27,1.0",29.0538,4.932014e-01,9.019262e-01,2.781166,True,2.329492,
fs,27,1.0,0.2,"fs,27,1.0",127.79100000000001,4.774981e-01,9.365461e-01,2.773726,True,2.369094,
fs,27,1.0,0.3,"fs,27,1.0",-270.72180000000003,1.135356e+00,6.072607e-03,2.774692,True,2.409351,
fs,27,1.0,0.4,"fs,27,1.0",38608.02,8.651246e-01,6.135033e-01,2.785964,True,2.448214,
fs,27,1.0,0.5,"fs,27,1.0",587.2356,9.263631e-02,1.116007e+00,2.814774,True,2.48349,
fs,27,1.0,0.6,"fs,27,1.0",260.1,1.035990e+00,2.463962e-01,2.85698,True,2.514512,
fs,27,1.0,0.7,"fs,27,1.0",4.622400000000001,7.954184e-01,7.954229e-01,2.905302,True,2.542569,
fs,27,1.0,0.8,"fs,27,1.0",4.6494,7.954958e-01,7.954650e-01,2.952988,True,2.568468,
fs,27,1.0,0.9,"fs,27,1.0",4.6188,7.953559e-01,7.953535e-01,2.995424,True,2.591475,
fs,27,1.0,1.0,"fs,27,1.0",4.6404000000000005,7.953534e-01,7.953761e-01,3.02919,True,2.608946,
fs,27,1.0,1.1,"fs,27,1.0",4.638599999999999,7.954478e-01,7.953931e-01,3.052222,True,2.619894,
fs,27,1.0,1.2,"fs,27,1.0",4.631400000000001,7.956401e-01,7.956257e-01,3.065152,True,2.625632,
fs,27,1.0,1.3,"fs,27,1.0",62.947800000000015,1.076323e+00,1.910278e-01,3.071094,True,2.628199,
fs,27,1.0,1.4,"fs,27,1.0",4.636800000000001,7.954282e-01,7.954348e-01,3.073472,True,2.629276,
fs,27,1.0,1.5,"fs,27,1.0",-31.4892,-2.41405e-02,1.383107e+00,3.074382,True,2.629689,
fs,27,1.0,1.6,"fs,27,1.0",4.635,7.956400e-01,7.956387e-01,3.074742,True,2.629807,
fs,27,1.0,1.7,"fs,27,1.0",28.963800000000003,1.679753e-01,1.165855e+00,3.074888,True,2.629987,
fs,27,1.0,1.8,"fs,27,1.0",73.224,2.010564e-02,1.504427e+00,3.074948,True,2.629966,
fs,27,1.1,0.0,"fs,27,1.1",-486.67499999999995,1.305764e+00,-6.65894e-02,2.83049,True,2.286541,
fs,27,1.1,0.1,"fs,27,1.1",27.783,1.857229e-02,1.348361e+00,2.818926,True,2.320741,
fs,27,1.1,0.2,"fs,27,1.1",4.8006,7.984076e-01,7.983862e-01,2.810264,True,2.359677,
fs,27,1.1,0.3,"fs,27,1.1",-264.4416,1.273457e+00,1.084808e-01,2.809448,True,2.398854,
fs,27,1.1,0.4,"fs,27,1.1",-37069.380000000005,1.310431e+00,-7.17077e-02,2.821802,True,2.436542,
fs,27,1.1,0.5,"fs,27,1.1",-498.3084,1.380743e+00,2.363917e-02,2.850844,True,2.470442,
fs,27,1.1,0.6,"fs,27,1.1",291.1572,-4.77335e-02,1.377168e+00,2.894364,True,2.500396,
fs,27,1.1,0.7,"fs,27,1.1",4.8149999999999995,7.986577e-01,7.986518e-01,2.944326,True,2.527747,
fs,27,1.1,0.8,"fs,27,1.1",4.797,7.983845e-01,7.983519e-01,2.994568,True,2.552813,
fs,27,1.1,0.9,"fs,27,1.1",87.3936,3.937980e-01,9.230800e-01,3.040236,True,2.575726,
fs,27,1.1,1.0,"fs,27,1.1",4.8186,7.984204e-01,7.983623e-01,3.077748,True,2.594234,
fs,27,1.1,1.1,"fs,27,1.1",4.8204,7.984507e-01,7.984342e-01,3.104562,True,2.606197,
fs,27,1.1,1.2,"fs,27,1.1",4.8006,7.983098e-01,7.983434e-01,3.120456,True,2.612864,
fs,27,1.1,1.3,"fs,27,1.1",-99.4338,9.901419e-01,3.076483e-01,3.128164,True,2.616151,
fs,27,1.1,1.4,"fs,27,1.1",4.8096,7.982718e-01,7.982797e-01,3.131394,True,2.617409,
fs,27,1.1,1.5,"fs,27,1.1",19.359,1.420387e+00,6.499145e-02,3.13266,True,2.617707,
fs,27,1.1,1.6,"fs,27,1.1",4.7988,7.980671e-01,7.980698e-01,3.133162,True,2.618061,
fs,27,1.1,1.7,"fs,27,1.1",-40.4334,1.158814e+00,1.128360e-01,3.133362,True,2.6182,
fs,27,1.1,1.8,"fs,27,1.1",4.8042,7.982987e-01,7.983658e-01,3.133492,True,2.618428,
sf,-40,0.9,0.0,"sf,-40,0.9",1.2456,6.868776e-01,6.868719e-01,0.03741298,False,0,"sf,-40,1.62"
sf,-40,0.9,0.1,"sf,-40,0.9",1.2798000000000003,6.868739e-01,6.868704e-01,2.822004,True,2.288433,
sf,-40,0.9,0.2,"sf,-40,0.9",1.215,6.868709e-01,6.868631e-01,2.815882,True,2.32961,
sf,-40,0.9,0.3,"sf,-40,0.9",-80.6958,1.321391e+00,-2.71421e-02,2.821376,True,2.370617,
sf,-40,0.9,0.4,"sf,-40,0.9",574.5366,1.230194e+00,-6.90891e-02,2.84279,True,2.41081,
sf,-40,0.9,0.5,"sf,-40,0.9",154.34640000000002,4.520503e-01,7.922643e-01,2.88296,True,2.446305,
sf,-40,0.9,0.6,"sf,-40,0.9",-118.77660000000002,3.594223e-01,8.923107e-01,2.937626,True,2.479595,
sf,-40,0.9,0.7,"sf,-40,0.9",1.1736000000000002,6.868484e-01,6.868580e-01,2.992404,True,2.514642,
sf,-40,0.9,0.8,"sf,-40,0.9",1.1862,6.868569e-01,6.868600e-01,3.040584,True,2.551919,
sf,-40,0.9,0.9,"sf,-40,0.9",769.6206,6.047915e-02,1.357180e+00,3.085054,True,2.59,
sf,-40,0.9,1.0,"sf,-40,0.9",1.2186000000000001,6.868873e-01,6.868702e-01,3.121168,True,2.623148,
sf,-40,0.9,1.1,"sf,-40,0.9",340.1388,1.548797e+00,-1.90951e-02,3.148822,True,2.645354,
sf,-40,0.9,1.2,"sf,-40,0.9",1.2942,6.869344e-01,6.869495e-01,3.167244,True,2.656088,
sf,-40,0.9,1.3,"sf,-40,0.9",1.1789999999999998,6.868542e-01,6.868696e-01,3.17481,True,2.659716,
sf,-40,0.9,1.4,"sf,-40,0.9",-26692.326,1.287354e+00,-2.74286e-02,3.178602,True,2.660865,
sf,-40,0.9,1.5,"sf,-40,0.9",24327.0,2.530425e-01,8.709162e-01,3.17875,True,2.661462,
sf,-40,0.9,1.6,"sf,-40,0.9",1.2222000000000002,6.868915e-01,6.868834e-01,3.17754,True,2.661385,
sf,-40,0.9,1.7,"sf,-40,0.9",1.1772,6.868514e-01,6.868613e-01,3.178904,True,2.661367,
sf,-40,0.9,1.8,"sf,-40,0.9",23272.38,8.652115e-01,2.607917e-01,3.179292,True,2.66136,
sf,-40,1.0,0.0,"sf,-40,1.0",-176.193,-3.95790e-02,1.341329e+00,2.900172,True,2.236048,
sf,-40,1.0,0.1,"sf,-40,1.0",-238.6458,-8.56765e-02,1.310019e+00,2.887872,True,2.272547,
sf,-40,1.0,0.2,"sf,-40,1.0",-66.312,1.411917e+00,-4.23772e-04,2.880036,True,2.311764,
sf,-40,1.0,0.3,"sf,-40,1.0",396.3384,1.757664e-01,1.101267e+00,2.880788,True,2.351984,
sf,-40,1.0,0.4,"sf,-40,1.0",-302.5152,8.358387e-01,5.299542e-01,2.90224,True,2.389322,
sf,-40,1.0,0.5,"sf,-40,1.0",2.5218,7.475497e-01,7.475390e-01,2.941076,True,2.421948,
sf,-40,1.0,0.6,"sf,-40,1.0",896.0418,1.300766e+00,7.879895e-02,3.001062,True,2.451552,
sf,-40,1.0,0.7,"sf,-40,1.0",63.6174,1.451823e+00,8.679043e-04,3.067584,True,2.480706,
sf,-40,1.0,0.8,"sf,-40,1.0",-754.2108,-5.15099e-02,1.417389e+00,3.133076,True,2.510724,
sf,-40,1.0,0.9,"sf,-40,1.0",2.4786,7.474283e-01,7.474399e-01,3.186454,True,2.542467,
sf,-40,1.0,1.0,"sf,-40,1.0",2.565,7.469460e-01,7.469704e-01,3.244298,True,2.573021,
sf,-40,1.0,1.1,"sf,-40,1.0",2.5272,7.475760e-01,7.475311e-01,3.283962,True,2.598202,
sf,-40,1.0,1.2,"sf,-40,1.0",-5370.4277999999995,1.174522e+00,1.029737e-01,3.323888,True,2.615027,
sf,-40,1.0,1.3,"sf,-40,1.0",-76.6728,1.180779e+00,9.601502e-02,3.34184,True,2.622705,
sf,-40,1.0,1.4,"sf,-40,1.0",176.3352,1.642692e+00,-1.69087e-03,3.349978,True,2.625493,
sf,-40,1.0,1.5,"sf,-40,1.0",71.145,7.500164e-01,4.494241e-01,3.351206,True,2.626295,
sf,-40,1.0,1.6,"sf,-40,1.0",311.44859999999994,-3.17247e-02,1.360456e+00,3.350364,True,2.626479,
sf,-40,1.0,1.7,"sf,-40,1.0",-59.826600000000006,4.377726e-01,6.770751e-01,3.348506,True,2.626685,
sf,-40,1.0,1.8,"sf,-40,1.0",130.01760000000002,7.103156e-01,4.308300e-01,3.352032,True,2.626578,
sf,-40,1.1,0.0,"sf,-40,1.1",249.7842,9.743554e-02,1.252354e+00,2.921954,True,2.226437,
sf,-40,1.1,0.1,"sf,-40,1.1",626.7294,1.447003e-01,1.172845e+00,2.90832,True,2.260091,
sf,-40,1.1,0.2,"sf,-40,1.1",61.12799999999999,-4.97075e-02,1.256590e+00,2.89728,True,2.300187,
sf,-40,1.1,0.3,"sf,-40,1.1",433.8648,1.302710e+00,5.501114e-02,2.898826,True,2.338773,
sf,-40,1.1,0.4,"sf,-40,1.1",882.9558,3.131518e-01,8.980537e-01,2.919204,True,2.37514,
sf,-40,1.1,0.5,"sf,-40,1.1",-180.369,-1.75605e-03,1.422483e+00,2.965324,True,2.406383,
sf,-40,1.1,0.6,"sf,-40,1.1",473.99760000000003,1.425129e+00,2.376478e-02,3.030086,True,2.434909,
sf,-40,1.1,0.7,"sf,-40,1.1",4.2804,7.800512e-01,7.799509e-01,3.1026,True,2.463039,
sf,-40,1.1,0.8,"sf,-40,1.1",4.273199999999999,7.801867e-01,7.797848e-01,3.175136,True,2.491459,
sf,-40,1.1,0.9,"sf,-40,1.1",4.23,7.800928e-01,7.800762e-01,3.239934,True,2.521516,
sf,-40,1.1,1.0,"sf,-40,1.1",4.251600000000001,7.798708e-01,7.799007e-01,3.298206,True,2.551263,
sf,-40,1.1,1.1,"sf,-40,1.1",4.311,7.801430e-01,7.799046e-01,3.3473,True,2.577703,
sf,-40,1.1,1.2,"sf,-40,1.1",4.3002,7.800874e-01,7.798907e-01,3.38477,True,2.596109,
sf,-40,1.1,1.3,"sf,-40,1.1",-58816.331999999995,-1.03423e-03,1.669026e+00,3.40812,True,2.606377,
sf,-40,1.1,1.4,"sf,-40,1.1",4.266000000000001,7.800562e-01,7.800602e-01,3.418678,True,2.61027,
sf,-40,1.1,1.5,"sf,-40,1.1",-457.4268,1.682225e+00,1.498138e-02,3.422272,True,2.611265,
sf,-40,1.1,1.6,"sf,-40,1.1",-1800.6732000000004,1.102367e+00,7.290717e-02,3.423384,True,2.611751,
sf,-40,1.1,1.7,"sf,-40,1.1",-97.155,1.109251e+00,1.370394e-01,3.42375,True,2.611581,
sf,-40,1.1,1.8,"sf,-40,1.1",7964.1900000000005,2.799174e-01,8.814545e-01,3.423862,True,2.611709,
sf,125,0.9,0.0,"sf,125,0.9",275.7132,1.229701e+00,6.258943e-02,2.648526,True,2.207228,
sf,125,0.9,0.1,"sf,125,0.9",-1404.7794000000001,1.220903e+00,6.634822e-02,2.634954,True,2.236125,
sf,125,0.9,0.2,"sf,125,0.9",538.8966,8.845096e-01,4.031411e-01,2.62532,True,2.270827,
sf,125,0.9,0.3,"sf,125,0.9",364.75379999999996,2.163191e-01,9.195005e-01,2.622432,True,2.310348,
sf,125,0.9,0.4,"sf,125,0.9",4.3704,6.992580e-01,6.992660e-01,2.631594,True,2.349759,
sf,125,0.9,0.5,"sf,125,0.9",4.368600000000001,6.993891e-01,6.993792e-01,2.655972,True,2.388655,
sf,125,0.9,0.6,"sf,125,0.9",4.3614,6.992980e-01,6.992882e-01,2.69601,True,2.424282,
sf,125,0.9,0.7,"sf,125,0.9",4.3524,6.993134e-01,6.993011e-01,2.745668,True,2.456883,
sf,125,0.9,0.8,"sf,125,0.9",4.384799999999999,6.993341e-01,6.993235e-01,2.797026,True,2.487775,
sf,125,0.9,0.9,"sf,125,0.9",4.347,6.993166e-01,6.993320e-01,2.84393,True,2.516302,
sf,125,0.9,1.0,"sf,125,0.9",4.3740000000000006,6.993257e-01,6.993159e-01,2.882776,True,2.541992,
sf,125,0.9,1.1,"sf,125,0.9",4.3740000000000006,6.993324e-01,6.993442e-01,2.912546,True,2.561598,
sf,125,0.9,1.2,"sf,125,0.9",4.3704,6.993120e-01,6.993286e-01,2.933096,True,2.575261,
sf,125,0.9,1.3,"sf,125,0.9",-441.1332,1.349878e+00,4.128567e-02,2.945896,True,2.582798,
sf,125,0.9,1.4,"sf,125,0.9",4.368600000000001,6.992831e-01,6.993447e-01,2.952978,True,2.587092,
sf,125,0.9,1.5,"sf,125,0.9",-409.8528,8.098194e-01,3.681415e-01,2.956636,True,2.589667,
sf,125,0.9,1.6,"sf,125,0.9",4.3668000000000005,6.993467e-01,6.992726e-01,2.958406,True,2.590659,
sf,125,0.9,1.7,"sf,125,0.9",401.4792,1.426422e+00,5.011535e-05,2.959278,True,2.591003,
sf,125,0.9,1.8,"sf,125,0.9",402.75540000000007,3.309276e-01,8.429768e-01,2.959704,True,2.59135,
sf,125,1.0,0.0,"sf,125,1.0",4.788,7.078413e-01,7.078301e-01,2.690908,True,2.199138,
sf,125,1.0,0.1,"sf,125,1.0",445.0194,-3.10925e-02,1.311051e+00,2.67644,True,2.227456,
sf,125,1.0,0.2,"sf,125,1.0",864.9594000000001,8.669697e-01,4.297559e-01,2.665952,True,2.261767,
sf,125,1.0,0.3,"sf,125,1.0",4.7916,7.077594e-01,7.077628e-01,2.662862,True,2.299539,
sf,125,1.0,0.4,"sf,125,1.0",-2524.2858000000006,1.962040e-01,1.086847e+00,2.67138,True,2.33857,
sf,125,1.0,0.5,"sf,125,1.0",4.788,7.077770e-01,7.077617e-01,2.696198,True,2.375829,
sf,125,1.0,0.6,"sf,125,1.0",4.7952,7.077577e-01,7.077715e-01,2.737248,True,2.410101,
sf,125,1.0,0.7,"sf,125,1.0",4.7988,7.077650e-01,7.077780e-01,2.789588,True,2.441274,
sf,125,1.0,0.8,"sf,125,1.0",4.8024000000000004,7.077420e-01,7.077709e-01,2.845196,True,2.470472,
sf,125,1.0,0.9,"sf,125,1.0",4.7988,7.076204e-01,7.076312e-01,2.897984,True,2.497827,
sf,125,1.0,1.0,"sf,125,1.0",4.7988,7.078136e-01,7.078359e-01,2.94379,True,2.522534,
sf,125,1.0,1.1,"sf,125,1.0",4.784400000000001,7.077668e-01,7.077443e-01,2.980382,True,2.541961,
sf,125,1.0,1.2,"sf,125,1.0",4.797,7.077895e-01,7.077967e-01,3.007038,True,2.55658,
sf,125,1.0,1.3,"sf,125,1.0",4.7934,7.077880e-01,7.077736e-01,3.024384,True,2.565952,
sf,125,1.0,1.4,"sf,125,1.0",4.788,7.077788e-01,7.077378e-01,3.034432,True,2.57087,
sf,125,1.0,1.5,"sf,125,1.0",4.788,7.077907e-01,7.077469e-01,3.039704,True,2.573424,
sf,125,1.0,1.6,"sf,125,1.0",4.788,7.077487e-01,7.077819e-01,3.04238,True,2.574689,
sf,125,1.0,1.7,"sf,125,1.0",-659.5524,1.384461e+00,3.907200e-02,3.043676,True,2.57549,
sf,125,1.0,1.8,"sf,125,1.0",-399.6504,7.627333e-02,1.284118e+00,3.04427,True,2.575795,
sf,125,1.1,0.0,"sf,125,1.1",161.082,1.224157e+00,-8.82294e-02,2.72424,True,2.192981,
sf,125,1.1,0.1,"sf,125,1.1",-486.4806,9.426349e-01,3.382897e-01,2.709194,True,2.220859,
sf,125,1.1,0.2,"sf,125,1.1",72.0288,-7.66220e-02,1.178292e+00,2.697634,True,2.254078,
sf,125,1.1,0.3,"sf,125,1.1",-900.7524000000001,1.100583e+00,-5.45172e-02,2.694256,True,2.29071,
sf,125,1.1,0.4,"sf,125,1.1",418.84740000000005,3.072546e-01,9.886553e-01,2.702632,True,2.329388,
sf,125,1.1,0.5,"sf,125,1.1",18.1494,2.073916e-01,1.079957e+00,2.727244,True,2.366109,
sf,125,1.1,0.6,"sf,125,1.1",-74.736,-4.88553e-02,1.199292e+00,2.768726,True,2.399587,
sf,125,1.1,0.7,"sf,125,1.1",4.9464,7.106250e-01,7.106350e-01,2.822174,True,2.430098,
sf,125,1.1,0.8,"sf,125,1.1",4.9572,7.106354e-01,7.106462e-01,2.879554,True,2.458581,
sf,125,1.1,0.9,"sf,125,1.1",4.959,7.106256e-01,7.106430e-01,2.93457,True,2.485233,
sf,125,1.1,1.0,"sf,125,1.1",4.9643999999999995,7.106043e-01,7.106145e-01,2.983362,True,2.509951,
sf,125,1.1,1.1,"sf,125,1.1",4.960800000000001,7.106536e-01,7.106411e-01,3.022914,True,2.530546,
sf,125,1.1,1.2,"sf,125,1.1",4.9572,7.106253e-01,7.106358e-01,3.052398,True,2.545525,
sf,125,1.1,1.3,"sf,125,1.1",4.942800000000001,7.106715e-01,7.106675e-01,3.072156,True,2.555449,
sf,125,1.1,1.4,"sf,125,1.1",4.944599999999999,7.106136e-01,7.106205e-01,3.08393,True,2.561298,
sf,125,1.1,1.5,"sf,125,1.1",4.948200000000001,7.106466e-01,7.106108e-01,3.090154,True,2.564205,
sf,125,1.1,1.6,"sf,125,1.1",2280.168,9.898201e-01,2.175302e-01,3.093482,True,2.565587,
sf,125,1.1,1.7,"sf,125,1.1",-3541.2030000000004,1.394387e+00,4.423850e-02,3.095026,True,2.566341,
sf,125,1.1,1.8,"sf,125,1.1",3281.85,-3.61888e-02,1.430156e+00,3.09577,True,2.566697,
sf,27,0.9,0.0,"sf,27,0.9",2.4732,7.033406e-01,7.033477e-01,2.76703,True,2.230752,
sf,27,0.9,0.1,"sf,27,0.9",-175.0392,1.622026e-01,9.534760e-01,2.755424,True,2.265175,
sf,27,0.9,0.2,"sf,27,0.9",-54.612,3.171471e-02,1.282959e+00,2.745958,True,2.304206,
sf,27,0.9,0.3,"sf,27,0.9",377.76779999999997,1.849130e-01,9.281407e-01,2.746406,True,2.345063,
sf,27,0.9,0.4,"sf,27,0.9",-94537.476,5.336330e-02,1.273366e+00,2.761044,True,2.385151,
sf,27,0.9,0.5,"sf,27,0.9",2.4335999999999998,7.033559e-01,7.033376e-01,2.785692,True,2.422152,
sf,27,0.9,0.6,"sf,27,0.9",2351.736,-2.34510e-02,1.353606e+00,2.842704,True,2.455881,
sf,27,0.9,0.7,"sf,27,0.9",2.484,7.033982e-01,7.033882e-01,2.897566,True,2.488724,
sf,27,0.9,0.8,"sf,27,0.9",2.4012000000000002,7.032789e-01,7.032797e-01,2.94339,True,2.52231,
sf,27,0.9,0.9,"sf,27,0.9",4500.09,1.333004e+00,7.033932e-02,2.99812,True,2.555785,
sf,27,0.9,1.0,"sf,27,0.9",-36.144000000000005,2.689177e-01,8.791590e-01,3.037434,True,2.585633,
sf,27,0.9,1.1,"sf,27,0.9",130.446,-1.49010e-02,1.511427e+00,3.065122,True,2.607125,
sf,27,0.9,1.2,"sf,27,0.9",2.4588,7.033643e-01,7.033824e-01,3.078598,True,2.619996,
sf,27,0.9,1.3,"sf,27,0.9",-240.21359999999999,8.584091e-01,2.778297e-01,3.095378,True,2.62608,
sf,27,0.9,1.4,"sf,27,0.9",148.7862,6.747912e-01,5.017822e-01,3.094876,True,2.628523,
sf,27,0.9,1.5,"sf,27,0.9",-104.09219999999999,1.373383e+00,-4.63774e-02,3.09924,True,2.62958,
sf,27,0.9,1.6,"sf,27,0.9",34.477199999999996,5.814645e-01,5.734867e-01,3.10281,True,2.629917,
sf,27,0.9,1.7,"sf,27,0.9",2.4012000000000002,7.032985e-01,7.033194e-01,3.095316,True,2.630127,
sf,27,0.9,1.8,"sf,27,0.9",27.1476,2.573370e-01,8.984469e-01,3.099256,True,2.630197,
sf,27,1.0,0.0,"sf,27,1.0",4.104,7.415387e-01,7.415103e-01,2.801334,True,2.219512,
sf,27,1.0,0.1,"sf,27,1.0",565.3548,-1.01826e-01,1.242568e+00,2.786212,True,2.253238,
sf,27,1.0,0.2,"sf,27,1.0",947.1564000000001,1.265473e+00,-6.57057e-02,2.774542,True,2.290662,
sf,27,1.0,0.3,"sf,27,1.0",4.0986,7.415572e-01,7.415255e-01,2.77272,True,2.3308,
sf,27,1.0,0.4,"sf,27,1.0",711.0396,3.290967e-02,1.327171e+00,2.78814,True,2.369568,
sf,27,1.0,0.5,"sf,27,1.0",214.884,1.351093e+00,2.626048e-02,2.825526,True,2.4045,
sf,27,1.0,0.6,"sf,27,1.0",-1482.2748000000001,7.194441e-01,5.248887e-01,2.881794,True,2.435581,
sf,27,1.0,0.7,"sf,27,1.0",532.7442,1.244020e+00,-5.81675e-02,2.946546,True,2.465245,
sf,27,1.0,0.8,"sf,27,1.0",4.113,7.415872e-01,7.415886e-01,3.011622,True,2.494851,
sf,27,1.0,0.9,"sf,27,1.0",4.071600000000001,7.415813e-01,7.415910e-01,3.072302,True,2.524343,
sf,27,1.0,1.0,"sf,27,1.0",28.314000000000004,4.588210e-01,7.502576e-01,3.12461,True,2.551326,
sf,27,1.0,1.1,"sf,27,1.0",268.73999999999995,2.998818e-02,1.525500e+00,3.16617,True,2.574325,
sf,27,1.0,1.2,"sf,27,1.0",4.1058,7.414828e-01,7.415408e-01,3.19575,True,2.589638,
sf,27,1.0,1.3,"sf,27,1.0",4.0932,7.415290e-01,7.415471e-01,3.213594,True,2.597993,
sf,27,1.0,1.4,"sf,27,1.0",159.11640000000003,-1.67595e-02,1.601662e+00,3.222392,True,2.602367,
sf,27,1.0,1.5,"sf,27,1.0",145.92780000000002,1.561297e+00,2.073462e-02,3.226128,True,2.603986,
sf,27,1.0,1.6,"sf,27,1.0",4.0986,7.414632e-01,7.414622e-01,3.227594,True,2.60419,
sf,27,1.0,1.7,"sf,27,1.0",251.9154,2.245129e-01,9.838554e-01,3.228116,True,2.605094,
sf,27,1.0,1.8,"sf,27,1.0",-196.3368,5.322112e-01,6.762273e-01,3.228358,True,2.604658,
sf,27,1.1,0.0,"sf,27,1.1",4.707,7.514687e-01,7.514664e-01,2.840968,True,2.211666,
sf,27,1.1,0.1,"sf,27,1.1",191.079,5.303551e-01,7.817348e-01,2.825686,True,2.244743,
sf,27,1.1,0.2,"sf,27,1.1",73.0728,6.993826e-01,6.388957e-01,2.813878,True,2.281385,
sf,27,1.1,0.3,"sf,27,1.1",256.0752,1.177823e+00,-5.29282e-02,2.81302,True,2.320241,
sf,27,1.1,0.4,"sf,27,1.1",4.715999999999999,7.513466e-01,7.512652e-01,2.82561,True,2.358,
sf,27,1.1,0.5,"sf,27,1.1",1174.2804,1.188531e+00,-4.74514e-02,2.863636,True,2.391709,
sf,27,1.1,0.6,"sf,27,1.1",4.7214,7.513212e-01,7.513064e-01,2.920152,True,2.422055,
sf,27,1.1,0.7,"sf,27,1.1",48.564,6.105922e-01,6.305054e-01,2.986296,True,2.450661,
sf,27,1.1,0.8,"sf,27,1.1",4.7268,7.512554e-01,7.512865e-01,3.053254,True,2.47943,
sf,27,1.1,0.9,"sf,27,1.1",-772.749,1.749586e-01,1.092084e+00,3.116222,True,2.507791,
sf,27,1.1,1.0,"sf,27,1.1",4.7016,7.513837e-01,7.513626e-01,3.171922,True,2.534546,
sf,27,1.1,1.1,"sf,27,1.1",4.7016,7.511268e-01,7.511430e-01,3.21762,True,2.55813,
sf,27,1.1,1.2,"sf,27,1.1",-844.2396,2.150123e-01,9.995192e-01,3.251542,True,2.575175,
sf,27,1.1,1.3,"sf,27,1.1",4.725,7.513380e-01,7.513545e-01,3.273126,True,2.585582,
sf,27,1.1,1.4,"sf,27,1.1",-63.786600000000014,3.861053e-01,7.592926e-01,3.28444,True,2.590309,
sf,27,1.1,1.5,"sf,27,1.1",4.7142,7.512937e-01,7.512797e-01,3.28941,True,2.591808,
sf,27,1.1,1.6,"sf,27,1.1",4.715999999999999,7.513125e-01,7.513199e-01,3.2914,True,2.593134,
sf,27,1.1,1.7,"sf,27,1.1",-3314.6802,1.593343e+00,1.268810e-02,3.292166,True,2.593137,
sf,27,1.1,1.8,"sf,27,1.1",24653.7,2.872728e-01,8.554511e-01,3.292464,True,2.592866,
ss,-40,0.9,0.0,"ss,-40,0.9",-489.5388,1.373318e+00,-8.48466e-03,2.88558,True,2.294751,
ss,-40,0.9,0.1,"ss,-40,0.9",2.5524000000000004,5.511364e-01,8.281193e-01,2.87538,True,2.331219,
ss,-40,0.9,0.2,"ss,-40,0.9",-82.06739999999999,1.018083e+00,3.572233e-01,2.872332,True,2.3711,
ss,-40,0.9,0.3,"ss,-40,0.9",1.2653999999999999,7.117702e-01,7.117776e-01,2.875364,True,2.410897,
ss,-40,0.9,0.4,"ss,-40,0.9",1.2564000000000002,7.118113e-01,7.118029e-01,2.895874,True,2.448866,
ss,-40,0.9,0.5,"ss,-40,0.9",1.1340000000000001,7.117241e-01,7.117201e-01,2.929728,True,2.483565,
ss,-40,0.9,0.6,"ss,-40,0.9",-846.1602,-2.57799e-02,1.174506e+00,2.97534,True,2.515767,
ss,-40,0.9,0.7,"ss,-40,0.9",1309.6566,4.404306e-02,1.404229e+00,3.023636,True,2.548005,
ss,-40,0.9,0.8,"ss,-40,0.9",1.3194000000000001,7.118721e-01,7.118743e-01,3.067588,True,2.581005,
ss,-40,0.9,0.9,"ss,-40,0.9",1.1106,7.116549e-01,7.116612e-01,3.104578,True,2.612089,
ss,-40,0.9,1.0,"ss,-40,0.9",1.2042000000000002,7.117632e-01,7.117740e-01,3.133532,True,2.635954,
ss,-40,0.9,1.1,"ss,-40,0.9",1.2528000000000001,7.117936e-01,7.118024e-01,3.154926,True,2.649273,
ss,-40,0.9,1.2,"ss,-40,0.9",1.2852000000000001,7.118140e-01,7.118276e-01,3.166486,True,2.654743,
ss,-40,0.9,1.3,"ss,-40,0.9",65.19780000000002,9.141809e-01,3.092888e-01,3.168762,True,2.656561,
ss,-40,0.9,1.4,"ss,-40,0.9",1.1574,7.117627e-01,7.117461e-01,3.171984,True,2.657284,
ss,-40,0.9,1.5,"ss,-40,0.9",24.8796,1.000966e-01,1.259648e+00,3.172036,True,2.657319,
ss,-40,0.9,1.6,"ss,-40,0.9",-10.1448,-3.62453e-03,1.556363e+00,3.171616,True,2.657396,
ss,-40,0.9,1.7,"ss,-40,0.9",1.1988,7.117615e-01,7.117588e-01,3.171148,True,2.657529,
ss,-40,0.9,1.8,"ss,-40,0.9",1.1447999999999998,7.117137e-01,7.117196e-01,3.171106,True,2.657579,
ss,-40,1.0,0.0,"ss,-40,1.0",-18.2394,1.261723e+00,1.094625e-01,2.96167,True,2.280017,
ss,-40,1.0,0.1,"ss,-40,1.0",-107.3286,1.785665e-01,1.020017e+00,2.951524,True,2.314897,
ss,-40,1.0,0.2,"ss,-40,1.0",961.2162,1.359245e+00,-3.39614e-02,2.941322,True,2.352592,
ss,-40,1.0,0.3,"ss,-40,1.0",2.4102,7.773551e-01,7.773508e-01,2.94146,True,2.391033,
ss,-40,1.0,0.4,"ss,-40,1.0",-19.494,-2.45806e-02,1.412825e+00,2.961484,True,2.426836,
ss,-40,1.0,0.5,"ss,-40,1.0",163.0044,-7.12156e-03,1.455284e+00,2.99739,True,2.458346,
ss,-40,1.0,0.6,"ss,-40,1.0",2.34,7.772793e-01,7.773083e-01,3.035532,True,2.486453,
ss,-40,1.0,0.7,"ss,-40,1.0",-1993.9859999999999,1.170499e-01,1.298884e+00,3.109804,True,2.513172,
ss,-40,1.0,0.8,"ss,-40,1.0",-995.8824,5.031595e-01,7.928693e-01,3.169974,True,2.540087,
ss,-40,1.0,0.9,"ss,-40,1.0",-162.108,1.420198e+00,8.357690e-02,3.22512,True,2.566732,
ss,-40,1.0,1.0,"ss,-40,1.0",2.5092,7.764635e-01,7.764837e-01,3.267886,True,2.590784,
ss,-40,1.0,1.1,"ss,-40,1.0",-119.2014,8.859144e-01,3.516884e-01,3.306416,True,2.608442,
ss,-40,1.0,1.2,"ss,-40,1.0",-16.671599999999998,6.535771e-01,5.975299e-01,3.325728,True,2.618036,
ss,-40,1.0,1.3,"ss,-40,1.0",170.9424,4.047122e-01,8.512519e-01,3.339106,True,2.62172,
ss,-40,1.0,1.4,"ss,-40,1.0",-133.29539999999997,1.117885e-01,1.264865e+00,3.344804,True,2.623003,
ss,-40,1.0,1.5,"ss,-40,1.0",-147.3048,-5.45350e-02,1.530816e+00,3.342572,True,2.623253,
ss,-40,1.0,1.6,"ss,-40,1.0",-10.6218,1.618849e+00,-1.76449e-02,3.346634,True,2.623518,
ss,-40,1.0,1.7,"ss,-40,1.0",56.7522,6.228026e-01,6.117878e-01,3.34076,True,2.623516,
ss,-40,1.0,1.8,"ss,-40,1.0",39.842999999999996,1.503376e-01,1.068833e+00,3.346628,True,2.623566,
ss,-40,1.1,0.0,"ss,-40,1.1",4.2084,8.155086e-01,8.154725e-01,2.985566,True,2.270196,
ss,-40,1.1,0.1,"ss,-40,1.1",4.2101999999999995,8.155805e-01,8.156076e-01,2.970816,True,2.304244,
ss,-40,1.1,0.2,"ss,-40,1.1",-350.901,8.058946e-01,6.690196e-01,2.962932,True,2.341257,
ss,-40,1.1,0.3,"ss,-40,1.1",638.451,1.373261e+00,5.206487e-02,2.964316,True,2.377889,
ss,-40,1.1,0.4,"ss,-40,1.1",-284.2254,5.687330e-01,8.500932e-01,2.981282,True,2.412619,
ss,-40,1.1,0.5,"ss,-40,1.1",337.54499999999996,4.183791e-02,1.153454e+00,3.021248,True,2.443137,
ss,-40,1.1,0.6,"ss,-40,1.1",788.7564,-5.38710e-03,1.464184e+00,3.074952,True,2.470026,
ss,-40,1.1,0.7,"ss,-40,1.1",4.2642,8.155005e-01,8.155052e-01,3.14191,True,2.495915,
ss,-40,1.1,0.8,"ss,-40,1.1",4.194,8.155463e-01,8.154651e-01,3.206308,True,2.521314,
ss,-40,1.1,0.9,"ss,-40,1.1",-6470.253,2.217205e-01,1.099880e+00,3.265366,True,2.547006,
ss,-40,1.1,1.0,"ss,-40,1.1",35.5212,-5.29712e-02,1.588475e+00,3.317272,True,2.5711,
ss,-40,1.1,1.1,"ss,-40,1.1",4.203,8.155002e-01,8.155704e-01,3.358486,True,2.589925,
ss,-40,1.1,1.2,"ss,-40,1.1",-71232.912,2.020387e-03,1.637922e+00,3.386062,True,2.601219,
ss,-40,1.1,1.3,"ss,-40,1.1",-98.1108,5.864199e-01,6.582801e-01,3.400012,True,2.606606,
ss,-40,1.1,1.4,"ss,-40,1.1",-65.0952,-2.46462e-04,1.650976e+00,3.405214,True,2.608084,
ss,-40,1.1,1.5,"ss,-40,1.1",4.224600000000001,8.155277e-01,8.155521e-01,3.40687,True,2.60855,
ss,-40,1.1,1.6,"ss,-40,1.1",38.1708,-1.01898e-02,1.341579e+00,3.40734,True,2.608778,
ss,-40,1.1,1.7,"ss,-40,1.1",50.6052,2.991731e-01,9.686437e-01,3.407494,True,2.608908,
ss,-40,1.1,1.8,"ss,-40,1.1",2.7738000000000005,1.300731e-01,1.219858e+00,3.407558,True,2.608944,
ss,125,0.9,0.0,"ss,125,0.9",4.3092,7.365474e-01,7.365561e-01,2.715724,True,2.245468,
ss,125,0.9,0.1,"ss,125,0.9",-128.097,6.247445e-01,7.309654e-01,2.704876,True,2.274593,
ss,125,0.9,0.2,"ss,125,0.9",4.3020000000000005,7.365776e-01,7.365857e-01,2.697016,True,2.308616,
ss,125,0.9,0.3,"ss,125,0.9",4.311,7.366905e-01,7.366820e-01,2.695512,True,2.345774,
ss,125,0.9,0.4,"ss,125,0.9",-14.4828,7.422735e-01,6.828245e-01,2.703832,True,2.383897,
ss,125,0.9,0.5,"ss,125,0.9",4.3146,7.366982e-01,7.366875e-01,2.725316,True,2.42088,
ss,125,0.9,0.6,"ss,125,0.9",4.2984,7.366267e-01,7.367286e-01,2.759348,True,2.454382,
ss,125,0.9,0.7,"ss,125,0.9",2951.154,-6.59331e-02,1.295514e+00,2.800766,True,2.485018,
ss,125,0.9,0.8,"ss,125,0.9",4.3092,7.366768e-01,7.366630e-01,2.842528,True,2.512702,
ss,125,0.9,0.9,"ss,125,0.9",4.3038,7.366848e-01,7.366744e-01,2.879676,True,2.536716,
ss,125,0.9,1.0,"ss,125,0.9",4.3092,7.366862e-01,7.366746e-01,2.909452,True,2.556865,
ss,125,0.9,1.1,"ss,125,0.9",4.3092,7.366958e-01,7.366819e-01,2.931086,True,2.571183,
ss,125,0.9,1.2,"ss,125,0.9",4.3074,7.366760e-01,7.366923e-01,2.945204,True,2.579949,
ss,125,0.9,1.3,"ss,125,0.9",4.2984,7.366671e-01,7.366610e-01,2.953422,True,2.58492,
ss,125,0.9,1.4,"ss,125,0.9",4.2984,7.366715e-01,7.366765e-01,2.957758,True,2.58776,
ss,125,0.9,1.5,"ss,125,0.9",4.311,7.367031e-01,7.366879e-01,2.959932,True,2.588797,
ss,125,0.9,1.6,"ss,125,0.9",4.305600000000001,7.366629e-01,7.366977e-01,2.960982,True,2.589293,
ss,125,0.9,1.7,"ss,125,0.9",4.3074,7.366940e-01,7.366638e-01,2.961484,True,2.590138,
ss,125,0.9,1.8,"ss,125,0.9",4.3002,7.366680e-01,7.366714e-01,2.96173,True,2.590301,
ss,125,1.0,0.0,"ss,125,1.0",4.753800000000001,7.464135e-01,7.464361e-01,2.76353,True,2.237672,
ss,125,1.0,0.1,"ss,125,1.0",-1175.364,8.824172e-01,4.762913e-01,2.751532,True,2.266014,
ss,125,1.0,0.2,"ss,125,1.0",4.753800000000001,7.464133e-01,7.464619e-01,2.742484,True,2.298996,
ss,125,1.0,0.3,"ss,125,1.0",4.752,7.465011e-01,7.464960e-01,2.737504,True,2.335231,
ss,125,1.0,0.4,"ss,125,1.0",4.748400000000001,7.463783e-01,7.463850e-01,2.748038,True,2.372287,
ss,125,1.0,0.5,"ss,125,1.0",4.7466,7.464414e-01,7.464296e-01,2.769644,True,2.408291,
ss,125,1.0,0.6,"ss,125,1.0",4.755599999999999,7.464140e-01,7.464497e-01,2.80513,True,2.440495,
ss,125,1.0,0.7,"ss,125,1.0",4.7412,7.464002e-01,7.464196e-01,2.849614,True,2.46973,
ss,125,1.0,0.8,"ss,125,1.0",4.7646,7.465351e-01,7.465364e-01,2.8962,True,2.49598,
ss,125,1.0,0.9,"ss,125,1.0",4.743,7.464212e-01,7.464391e-01,2.939346,True,2.519467,
ss,125,1.0,1.0,"ss,125,1.0",4.7448,7.464150e-01,7.464345e-01,2.975752,True,2.538687,
ss,125,1.0,1.1,"ss,125,1.0",4.7592,7.464252e-01,7.464452e-01,3.003616,True,2.553287,
ss,125,1.0,1.2,"ss,125,1.0",4.7448,7.464572e-01,7.464227e-01,3.02274,True,2.563395,
ss,125,1.0,1.3,"ss,125,1.0",4.755599999999999,7.464042e-01,7.464612e-01,3.034384,True,2.569326,
ss,125,1.0,1.4,"ss,125,1.0",4.7501999999999995,7.464231e-01,7.464345e-01,3.040784,True,2.572372,
ss,125,1.0,1.5,"ss,125,1.0",21.555,1.414048e+00,-4.76561e-02,3.044048,True,2.574031,
ss,125,1.0,1.6,"ss,125,1.0",-30.837600000000002,4.131598e-02,1.267167e+00,3.045632,True,2.574649,
ss,125,1.0,1.7,"ss,125,1.0",4.7501999999999995,7.464490e-01,7.464157e-01,3.046408,True,2.574871,
ss,125,1.0,1.8,"ss,125,1.0",-20.415599999999998,7.702129e-01,5.289606e-01,3.046778,True,2.575332,
ss,125,1.1,0.0,"ss,125,1.1",4.914,7.497413e-01,7.497302e-01,2.799424,True,2.231804,
ss,125,1.1,0.1,"ss,125,1.1",-363.7008000000001,3.431022e-02,1.333816e+00,2.786118,True,2.259559,
ss,125,1.1,0.2,"ss,125,1.1",4.914,7.497479e-01,7.497190e-01,2.776744,True,2.291828,
ss,125,1.1,0.3,"ss,125,1.1",1025.46,-6.26003e-02,1.203675e+00,2.773536,True,2.327341,
ss,125,1.1,0.4,"ss,125,1.1",-28.859399999999997,-6.14366e-02,1.199389e+00,2.781256,True,2.364152,
ss,125,1.1,0.5,"ss,125,1.1",4.914,7.497320e-01,7.497396e-01,2.802718,True,2.398995,
ss,125,1.1,0.6,"ss,125,1.1",-54.8064,-5.41138e-02,1.337529e+00,2.838662,True,2.430525,
ss,125,1.1,0.7,"ss,125,1.1",-1219.3668,1.903258e-01,1.194883e+00,2.88432,True,2.458843,
ss,125,1.1,0.8,"ss,125,1.1",4.9104,7.497275e-01,7.497297e-01,2.93287,True,2.484768,
ss,125,1.1,0.9,"ss,125,1.1",4.9068000000000005,7.497211e-01,7.497338e-01,2.978646,True,2.507756,
ss,125,1.1,1.0,"ss,125,1.1",4.9086,7.497417e-01,7.497219e-01,3.01792,True,2.527769,
ss,125,1.1,1.1,"ss,125,1.1",4.9284,7.498095e-01,7.498049e-01,3.048698,True,2.542604,
ss,125,1.1,1.2,"ss,125,1.1",4.9122,7.497420e-01,7.497315e-01,3.070384,True,2.553163,
ss,125,1.1,1.3,"ss,125,1.1",4.9212,7.497338e-01,7.497312e-01,3.084014,True,2.559749,
ss,125,1.1,1.4,"ss,125,1.1",4.914,7.497067e-01,7.497570e-01,3.09167,True,2.563161,
ss,125,1.1,1.5,"ss,125,1.1",4.9176,7.497072e-01,7.497682e-01,3.095636,True,2.564996,
ss,125,1.1,1.6,"ss,125,1.1",4.9194,7.497503e-01,7.497113e-01,3.097584,True,2.56581,
ss,125,1.1,1.7,"ss,125,1.1",-102.9042,1.075221e-01,1.324067e+00,3.098522,True,2.566204,
ss,125,1.1,1.8,"ss,125,1.1",-20.2122,1.402643e+00,5.724127e-02,3.098984,True,2.566375,
ss,27,0.9,0.0,"ss,27,0.9",-61.3494,-7.91648e-02,1.282367e+00,2.830438,True,2.273551,
ss,27,0.9,0.1,"ss,27,0.9",2.457,7.346186e-01,7.346248e-01,2.818058,True,2.307341,
ss,27,0.9,0.2,"ss,27,0.9",-627.5592,1.324964e+00,-4.78519e-02,2.81237,True,2.344719,
ss,27,0.9,0.3,"ss,27,0.9",140.60340000000002,7.454655e-01,6.871108e-01,2.812008,True,2.384172,
ss,27,0.9,0.4,"ss,27,0.9",0.8982,-1.81361e-02,1.129839e+00,2.824984,True,2.422884,
ss,27,0.9,0.5,"ss,27,0.9",2.3562000000000003,7.345833e-01,7.345714e-01,2.846236,True,2.45853,
ss,27,0.9,0.6,"ss,27,0.9",-132.0498,5.043993e-01,8.754222e-01,2.894518,True,2.490947,
ss,27,0.9,0.7,"ss,27,0.9",-1387.9692,1.326500e-01,1.255451e+00,2.94305,True,2.5216,
ss,27,0.9,0.8,"ss,27,0.9",34.3872,1.277244e+00,1.189114e-01,2.986902,True,2.551339,
ss,27,0.9,0.9,"ss,27,0.9",505.90619999999996,1.356984e+00,-5.81153e-02,3.024738,True,2.578979,
ss,27,0.9,1.0,"ss,27,0.9",669.4488000000001,1.125540e+00,9.879701e-02,3.056196,True,2.600931,
ss,27,0.9,1.1,"ss,27,0.9",4565.286,1.422660e+00,4.900345e-02,3.078522,True,2.615125,
ss,27,0.9,1.2,"ss,27,0.9",-1384.2990000000002,4.234747e-01,8.213285e-01,3.09023,True,2.622709,
ss,27,0.9,1.3,"ss,27,0.9",-452.05199999999996,-2.22518e-02,1.524068e+00,3.097156,True,2.6262,
ss,27,0.9,1.4,"ss,27,0.9",-27.462600000000002,1.221259e+00,5.348858e-02,3.099932,True,2.627361,
ss,27,0.9,1.5,"ss,27,0.9",3.6702000000000004,-4.79661e-02,1.453127e+00,3.100432,True,2.627884,
ss,27,0.9,1.6,"ss,27,0.9",-32.1948,1.920193e-02,1.478501e+00,3.101382,True,2.628184,
ss,27,0.9,1.7,"ss,27,0.9",-34.797599999999996,9.558582e-01,2.970455e-01,3.10075,True,2.628299,
ss,27,0.9,1.8,"ss,27,0.9",16.730999999999998,8.859768e-01,3.589066e-01,3.101732,True,2.628338,
ss,27,1.0,0.0,"ss,27,1.0",134.01000000000002,2.024011e-02,1.379839e+00,2.871772,True,2.262447,
ss,27,1.0,0.1,"ss,27,1.0",-751.0284,1.746605e-02,1.352642e+00,2.857612,True,2.294943,
ss,27,1.0,0.2,"ss,27,1.0",513.783,7.037054e-01,7.146378e-01,2.848666,True,2.331622,
ss,27,1.0,0.3,"ss,27,1.0",-11.547,4.727116e-01,8.857320e-01,2.846412,True,2.370018,
ss,27,1.0,0.4,"ss,27,1.0",-765.9594,1.363409e+00,3.229622e-02,2.859782,True,2.406815,
ss,27,1.0,0.5,"ss,27,1.0",4.0518,7.769279e-01,7.770076e-01,2.892248,True,2.440343,
ss,27,1.0,0.6,"ss,27,1.0",4.033799999999999,7.769557e-01,7.769965e-01,2.94056,True,2.470228,
ss,27,1.0,0.7,"ss,27,1.0",4.0536,7.769687e-01,7.769843e-01,2.997032,True,2.497741,
ss,27,1.0,0.8,"ss,27,1.0",4.096799999999999,7.769680e-01,7.769778e-01,3.05351,True,2.523761,
ss,27,1.0,0.9,"ss,27,1.0",4.005,7.769634e-01,7.769568e-01,3.105198,True,2.548486,
ss,27,1.0,1.0,"ss,27,1.0",61.934400000000004,1.408723e+00,8.283496e-02,3.14849,True,2.569889,
ss,27,1.0,1.1,"ss,27,1.0",4.0266,7.769902e-01,7.769188e-01,3.181158,True,2.585648,
ss,27,1.0,1.2,"ss,27,1.0",11.3616,1.398613e-02,1.557662e+00,3.202022,True,2.595318,
ss,27,1.0,1.3,"ss,27,1.0",4.0392,7.769571e-01,7.769825e-01,3.213226,True,2.600696,
ss,27,1.0,1.4,"ss,27,1.0",-17.154000000000003,5.756920e-01,6.964759e-01,3.218154,True,2.602337,
ss,27,1.0,1.5,"ss,27,1.0",-8.01,4.324055e-02,1.497103e+00,3.220146,True,2.603519,
ss,27,1.0,1.6,"ss,27,1.0",32.8446,9.781522e-02,1.330973e+00,3.220914,True,2.603329,
ss,27,1.0,1.7,"ss,27,1.0",44.694,-3.76244e-02,1.529699e+00,3.221238,True,2.603497,
ss,27,1.0,1.8,"ss,27,1.0",-3.9978000000000002,1.418944e+00,6.504381e-02,3.221368,True,2.603918,
ss,27,1.1,0.0,"ss,27,1.1",137.493,1.376558e+00,-7.25617e-03,2.912264,True,2.254879,
ss,27,1.1,0.1,"ss,27,1.1",4.671,7.886653e-01,7.886416e-01,2.898482,True,2.286386,
ss,27,1.1,0.2,"ss,27,1.1",4.6782,7.886771e-01,7.887642e-01,2.887954,True,2.321975,
ss,27,1.1,0.3,"ss,27,1.1",329.29560000000004,2.735340e-01,1.083940e+00,2.885118,True,2.359658,
ss,27,1.1,0.4,"ss,27,1.1",533.2986000000001,1.348631e+00,-6.28616e-02,2.898772,True,2.395177,
ss,27,1.1,0.5,"ss,27,1.1",-3029.499,1.172930e+00,2.102035e-01,2.930586,True,2.428203,
ss,27,1.1,0.6,"ss,27,1.1",4.6692,7.887655e-01,7.886937e-01,2.979552,True,2.457214,
ss,27,1.1,0.7,"ss,27,1.1",4.68,7.886577e-01,7.886650e-01,3.03719,True,2.483779,
ss,27,1.1,0.8,"ss,27,1.1",4.6674,7.887777e-01,7.887604e-01,3.095932,True,2.509214,
ss,27,1.1,0.9,"ss,27,1.1",66.3102,-2.89179e-02,1.503227e+00,3.150622,True,2.532979,
ss,27,1.1,1.0,"ss,27,1.1",4.671,7.889155e-01,7.889114e-01,3.1977,True,2.554757,
ss,27,1.1,1.1,"ss,27,1.1",4.6656,7.887060e-01,7.887061e-01,3.234462,True,2.571655,
ss,27,1.1,1.2,"ss,27,1.1",37.2672,9.148993e-03,1.580728e+00,3.259442,True,2.582091,
ss,27,1.1,1.3,"ss,27,1.1",4.68,7.887063e-01,7.887194e-01,3.273502,True,2.588003,
ss,27,1.1,1.4,"ss,27,1.1",4.671,7.887197e-01,7.887033e-01,3.2801,True,2.590702,
ss,27,1.1,1.5,"ss,27,1.1",-25.3962,2.371775e-02,1.545416e+00,3.282804,True,2.591415,
ss,27,1.1,1.6,"ss,27,1.1",2.3346,4.625265e-01,8.414740e-01,3.283854,True,2.591983,
ss,27,1.1,1.7,"ss,27,1.1",4.6692,7.886271e-01,7.886278e-01,3.284266,True,2.592092,
ss,27,1.1,1.8,"ss,27,1.1",-326.4912,1.170339e+00,1.722044e-01,3.28444,True,2.592191,
tt,-40,0.9,0.0,"tt,-40,0.9",224.51579999999998,1.137136e+00,-1.41758e-02,2.83336,True,2.291592,
tt,-40,0.9,0.1,"tt,-40,0.9",-11.4462,1.051931e-01,1.208766e+00,2.82281,True,2.330699,
tt,-40,0.9,0.2,"tt,-40,0.9",3043.152,7.230108e-01,6.760056e-01,2.817026,True,2.371509,
tt,-40,0.9,0.3,"tt,-40,0.9",-899.5644,3.275505e-01,1.009106e+00,2.82237,True,2.412951,
tt,-40,0.9,0.4,"tt,-40,0.9",587.0394,4.997520e-01,8.851433e-01,2.83679,True,2.452489,
tt,-40,0.9,0.5,"tt,-40,0.9",242.1738,1.535673e-02,1.087359e+00,2.877176,True,2.486936,
tt,-40,0.9,0.6,"tt,-40,0.9",10972.404,4.139602e-02,1.345021e+00,2.924602,True,2.519081,
tt,-40,0.9,0.7,"tt,-40,0.9",718.6266,-5.69211e-02,1.337908e+00,2.976122,True,2.551531,
tt,-40,0.9,0.8,"tt,-40,0.9",-134.514,8.486921e-01,3.860255e-01,3.024132,True,2.584765,
tt,-40,0.9,0.9,"tt,-40,0.9",21.607200000000002,1.784353e-01,9.930643e-01,3.06586,True,2.617511,
tt,-40,0.9,1.0,"tt,-40,0.9",1.6146,7.370468e-01,7.370517e-01,3.09883,True,2.643043,
tt,-40,0.9,1.1,"tt,-40,0.9",436.599,2.453937e-01,9.541436e-01,3.119968,True,2.657647,
tt,-40,0.9,1.2,"tt,-40,0.9",-30237.930000000004,5.219975e-01,6.244187e-01,3.132942,True,2.664142,
tt,-40,0.9,1.3,"tt,-40,0.9",14.034600000000001,1.293561e+00,-1.39101e-02,3.135778,True,2.665873,
tt,-40,0.9,1.4,"tt,-40,0.9",-238.24980000000002,7.804938e-01,4.111612e-01,3.138714,True,2.666572,
tt,-40,0.9,1.5,"tt,-40,0.9",1.6596,7.371042e-01,7.370935e-01,3.138742,True,2.667021,
tt,-40,0.9,1.6,"tt,-40,0.9",116.32140000000001,1.173053e-01,1.149663e+00,3.136386,True,2.667056,
tt,-40,0.9,1.7,"tt,-40,0.9",-898.191,1.027138e+00,1.897769e-01,3.137942,True,2.66686,
tt,-40,0.9,1.8,"tt,-40,0.9",307.863,1.096735e+00,7.852424e-02,3.1392,True,2.666906,
tt,-40,1.0,0.0,"tt,-40,1.0",301.8276,4.967028e-02,1.364819e+00,2.868684,True,2.27876,
tt,-40,1.0,0.1,"tt,-40,1.0",165.76200000000003,6.544420e-01,7.258843e-01,2.85607,True,2.314557,
tt,-40,1.0,0.2,"tt,-40,1.0",159.9498,1.379644e+00,2.364472e-02,2.847584,True,2.354969,
tt,-40,1.0,0.3,"tt,-40,1.0",210.63060000000002,1.434086e-01,1.165421e+00,2.849914,True,2.395303,
tt,-40,1.0,0.4,"tt,-40,1.0",9.6516,7.429866e-02,1.299478e+00,2.867496,True,2.432467,
tt,-40,1.0,0.5,"tt,-40,1.0",-12.4452,1.217758e+00,1.291298e-01,2.908098,True,2.464691,
tt,-40,1.0,0.6,"tt,-40,1.0",-853.8786,8.051864e-01,4.493025e-01,2.964104,True,2.493766,
tt,-40,1.0,0.7,"tt,-40,1.0",-112.6008,4.191985e-02,1.413734e+00,3.025448,True,2.522286,
tt,-40,1.0,0.8,"tt,-40,1.0",-308.94120000000004,1.173607e+00,2.694914e-02,3.085578,True,2.551145,
tt,-40,1.0,0.9,"tt,-40,1.0",3.5622,7.870422e-01,7.870547e-01,3.13986,True,2.579486,
tt,-40,1.0,1.0,"tt,-40,1.0",3.6342000000000003,7.871608e-01,7.870918e-01,3.185356,True,2.604808,
tt,-40,1.0,1.1,"tt,-40,1.0",344.4228,2.151185e-02,1.544459e+00,3.219128,True,2.62299,
tt,-40,1.0,1.2,"tt,-40,1.0",-4.3740000000000006,8.636914e-01,3.297391e-01,3.23874,True,2.632346,
tt,-40,1.0,1.3,"tt,-40,1.0",-2156.2794,9.892373e-01,1.810621e-01,3.247224,True,2.635951,
tt,-40,1.0,1.4,"tt,-40,1.0",538.9488,9.980121e-01,1.644596e-01,3.250076,True,2.637028,
tt,-40,1.0,1.5,"tt,-40,1.0",-29.6172,1.010906e+00,1.755148e-01,3.250952,True,2.637556,
tt,-40,1.0,1.6,"tt,-40,1.0",-73.323,4.350700e-01,7.818774e-01,3.251224,True,2.637646,
tt,-40,1.0,1.7,"tt,-40,1.0",769.6908,1.224159e+00,1.051102e-01,3.251306,True,2.637576,
tt,-40,1.0,1.8,"tt,-40,1.0",-1465.3331999999998,6.028971e-01,6.357767e-01,3.251352,True,2.637431,
tt,-40,1.1,0.0,"tt,-40,1.1",88.1226,5.983167e-01,7.329425e-01,2.908884,True,2.268233,
tt,-40,1.1,0.1,"tt,-40,1.1",-302.6646,1.396272e+00,1.972825e-02,2.899926,True,2.304411,
tt,-40,1.1,0.2,"tt,-40,1.1",19.1232,1.308661e+00,5.386461e-02,2.89078,True,2.343094,
tt,-40,1.1,0.3,"tt,-40,1.1",220.8402,1.101859e+00,-2.12029e-02,2.89321,True,2.38247,
tt,-40,1.1,0.4,"tt,-40,1.1",175712.58000000002,1.383436e-01,1.201729e+00,2.909416,True,2.41797,
tt,-40,1.1,0.5,"tt,-40,1.1",-95.7186,5.627371e-02,1.363932e+00,2.950932,True,2.448781,
tt,-40,1.1,0.6,"tt,-40,1.1",4.5594,8.024303e-01,8.024301e-01,3.007796,True,2.476275,
tt,-40,1.1,0.7,"tt,-40,1.1",4.5378,8.023834e-01,8.023647e-01,3.069956,True,2.503779,
tt,-40,1.1,0.8,"tt,-40,1.1",4.5342,8.023215e-01,8.023255e-01,3.133268,True,2.531357,
tt,-40,1.1,0.9,"tt,-40,1.1",4.5611999999999995,8.023210e-01,8.023043e-01,3.190058,True,2.559418,
tt,-40,1.1,1.0,"tt,-40,1.1",4.563000000000001,8.024771e-01,8.024559e-01,3.239536,True,2.585015,
tt,-40,1.1,1.1,"tt,-40,1.1",4.5594,8.024601e-01,8.024170e-01,3.27811,True,2.60465,
tt,-40,1.1,1.2,"tt,-40,1.1",320.4306,-1.22387e-02,1.611131e+00,3.303242,True,2.615978,
tt,-40,1.1,1.3,"tt,-40,1.1",4.563000000000001,8.024932e-01,8.024783e-01,3.315328,True,2.62082,
tt,-40,1.1,1.4,"tt,-40,1.1",30.369600000000002,1.437853e+00,5.342219e-02,3.31966,True,2.622254,
tt,-40,1.1,1.5,"tt,-40,1.1",65.6172,2.790062e-01,9.186240e-01,3.32099,True,2.622878,
tt,-40,1.1,1.6,"tt,-40,1.1",7.509600000000001,9.825409e-01,2.579170e-01,3.321408,True,2.623072,
tt,-40,1.1,1.7,"tt,-40,1.1",-43.376400000000004,3.016483e-01,9.204506e-01,3.321538,True,2.622872,
tt,-40,1.1,1.8,"tt,-40,1.1",41.7312,1.583696e+00,-2.84401e-02,3.32159,True,2.622953,
tt,125,0.9,0.0,"tt,125,0.9",1522.5084,1.226934e+00,-5.42829e-02,2.641442,True,2.245644,
tt,125,0.9,0.1,"tt,125,0.9",4.631400000000001,7.250632e-01,7.250392e-01,2.629966,True,2.275872,
tt,125,0.9,0.2,"tt,125,0.9",4.638599999999999,7.250044e-01,7.250115e-01,2.621928,True,2.311918,
tt,125,0.9,0.3,"tt,125,0.9",4.6296,7.251471e-01,7.251414e-01,2.62061,True,2.350946,
tt,125,0.9,0.4,"tt,125,0.9",4.631400000000001,7.250455e-01,7.250359e-01,2.629538,True,2.392086,
tt,125,0.9,0.5,"tt,125,0.9",-258.2874,4.086132e-01,9.159876e-01,2.651958,True,2.430631,
tt,125,0.9,0.6,"tt,125,0.9",-21.589199999999998,-4.52842e-02,1.285946e+00,2.687262,True,2.465956,
tt,125,0.9,0.7,"tt,125,0.9",4.6476,7.250977e-01,7.250782e-01,2.730118,True,2.497792,
tt,125,0.9,0.8,"tt,125,0.9",4.6296,7.250793e-01,7.250447e-01,2.773398,True,2.526532,
tt,125,0.9,0.9,"tt,125,0.9",4.6242,7.250418e-01,7.250257e-01,2.812044,True,2.552157,
tt,125,0.9,1.0,"tt,125,0.9",4.6422,7.250569e-01,7.250754e-01,2.843104,True,2.572963,
tt,125,0.9,1.1,"tt,125,0.9",4.631400000000001,7.250947e-01,7.250610e-01,2.865662,True,2.587817,
tt,125,0.9,1.2,"tt,125,0.9",4.636800000000001,7.250590e-01,7.250738e-01,2.880294,True,2.597741,
tt,125,0.9,1.3,"tt,125,0.9",-8.080200000000001,1.050312e+00,1.284393e-01,2.888806,True,2.602371,
tt,125,0.9,1.4,"tt,125,0.9",4.638599999999999,7.250768e-01,7.250535e-01,2.893276,True,2.605454,
tt,125,0.9,1.5,"tt,125,0.9",4.631400000000001,7.250311e-01,7.250459e-01,2.895474,True,2.606234,
tt,125,0.9,1.6,"tt,125,0.9",-44.308800000000005,1.345839e+00,-3.90698e-02,2.89653,True,2.606855,
tt,125,0.9,1.7,"tt,125,0.9",4.636800000000001,7.250698e-01,7.250496e-01,2.897036,True,2.607893,
tt,125,0.9,1.8,"tt,125,0.9",4.6331999999999995,7.250716e-01,7.250337e-01,2.89729,True,2.608026,
tt,125,1.0,0.0,"tt,125,1.0",4.8438,7.291758e-01,7.291376e-01,2.68258,True,2.23793,
tt,125,1.0,0.1,"tt,125,1.0",-24.415200000000002,1.255588e+00,-7.24764e-02,2.669794,True,2.267438,
tt,125,1.0,0.2,"tt,125,1.0",145.0116,1.110828e+00,-1.24615e-02,2.661036,True,2.3026,
tt,125,1.0,0.3,"tt,125,1.0",-21.522600000000004,1.236819e+00,7.281430e-02,2.658254,True,2.341058,
tt,125,1.0,0.4,"tt,125,1.0",119.42099999999999,7.056188e-02,1.222211e+00,2.66767,True,2.380316,
tt,125,1.0,0.5,"tt,125,1.0",4.849200000000001,7.291228e-01,7.291967e-01,2.690264,True,2.418124,
tt,125,1.0,0.6,"tt,125,1.0",4.842,7.291176e-01,7.291250e-01,2.726764,True,2.452102,
tt,125,1.0,0.7,"tt,125,1.0",4.8384,7.292029e-01,7.292071e-01,2.77214,True,2.483008,
tt,125,1.0,0.8,"tt,125,1.0",4.851,7.290282e-01,7.290309e-01,2.81914,True,2.510674,
tt,125,1.0,0.9,"tt,125,1.0",4.832999999999999,7.291527e-01,7.291506e-01,2.862366,True,2.53564,
tt,125,1.0,1.0,"tt,125,1.0",4.8528,7.291542e-01,7.291728e-01,2.898544,True,2.556278,
tt,125,1.0,1.1,"tt,125,1.0",4.8528,7.291378e-01,7.291495e-01,2.925982,True,2.57194,
tt,125,1.0,1.2,"tt,125,1.0",4.8384,7.291723e-01,7.291575e-01,2.944602,True,2.581914,
tt,125,1.0,1.3,"tt,125,1.0",4.849200000000001,7.291760e-01,7.291583e-01,2.955814,True,2.588274,
tt,125,1.0,1.4,"tt,125,1.0",-114.92099999999999,9.640136e-01,2.738395e-01,2.961886,True,2.591681,
tt,125,1.0,1.5,"tt,125,1.0",79.6428,3.585435e-01,8.874082e-01,2.964954,True,2.592672,
tt,125,1.0,1.6,"tt,125,1.0",177.60420000000002,4.453364e-01,7.994341e-01,2.96644,True,2.593495,
tt,125,1.0,1.7,"tt,125,1.0",1049.4702,-3.60227e-02,1.415163e+00,2.967156,True,2.594398,
tt,125,1.0,1.8,"tt,125,1.0",12.1554,2.758823e-01,9.593052e-01,2.967502,True,2.59436,
tt,125,1.1,0.0,"tt,125,1.1",948.3624000000001,1.166802e+00,1.461051e-01,2.716232,True,2.23152,
tt,125,1.1,0.1,"tt,125,1.1",305.7282,7.042785e-01,6.387767e-01,2.702022,True,2.260655,
tt,125,1.1,0.2,"tt,125,1.1",-425.529,6.582042e-01,7.121814e-01,2.693252,True,2.294884,
tt,125,1.1,0.3,"tt,125,1.1",-484.0056,1.198103e+00,1.308638e-01,2.690226,True,2.332649,
tt,125,1.1,0.4,"tt,125,1.1",61.8786,-5.46717e-02,1.196091e+00,2.69892,True,2.37085,
tt,125,1.1,0.5,"tt,125,1.1",234.792,9.218546e-01,4.185362e-01,2.72134,True,2.407973,
tt,125,1.1,0.6,"tt,125,1.1",-26959.824,1.303660e+00,3.735321e-02,2.758456,True,2.441415,
tt,125,1.1,0.7,"tt,125,1.1",474.4692,1.318389e+00,-3.72559e-02,2.80516,True,2.471541,
tt,125,1.1,0.8,"tt,125,1.1",4.9824,7.317742e-01,7.318163e-01,2.854358,True,2.498757,
tt,125,1.1,0.9,"tt,125,1.1",4.9788,7.317686e-01,7.317849e-01,2.900076,True,2.523088,
tt,125,1.1,1.0,"tt,125,1.1",4.9734,7.317083e-01,7.317146e-01,2.939142,True,2.544567,
tt,125,1.1,1.1,"tt,125,1.1",25.6842,7.320320e-01,5.484977e-01,2.96948,True,2.56026,
tt,125,1.1,1.2,"tt,125,1.1",-48.531600000000005,3.865715e-01,8.679519e-01,2.990648,True,2.571241,
tt,125,1.1,1.3,"tt,125,1.1",4.9842,7.317763e-01,7.317848e-01,3.00374,True,2.578165,
tt,125,1.1,1.4,"tt,125,1.1",4.9914,7.317768e-01,7.318138e-01,3.01101,True,2.581249,
tt,125,1.1,1.5,"tt,125,1.1",-63.4986,-1.94062e-02,1.478604e+00,3.014726,True,2.582997,
tt,125,1.1,1.6,"tt,125,1.1",-58.815000000000005,1.265173e-02,1.443177e+00,3.016538,True,2.584468,
tt,125,1.1,1.7,"tt,125,1.1",-33.440400000000004,7.647131e-02,1.322810e+00,3.017414,True,2.58454,
tt,125,1.1,1.8,"tt,125,1.1",32.0598,1.356724e+00,6.315868e-02,3.017838,True,2.585006,
tt,27,0.9,0.0,"tt,27,0.9",3.3534,7.451702e-01,7.451725e-01,2.74871,True,2.271075,
tt,27,0.9,0.1,"tt,27,0.9",29.9322,8.261046e-01,4.919951e-01,2.736846,True,2.3058,
tt,27,0.9,0.2,"tt,27,0.9",3.3318000000000003,7.451815e-01,7.451691e-01,2.727182,True,2.345808,
tt,27,0.9,0.3,"tt,27,0.9",-305.4726,-2.65846e-02,1.112231e+00,2.728462,True,2.387955,
tt,27,0.9,0.4,"tt,27,0.9",-47132.46,-3.90992e-02,1.300539e+00,2.741148,True,2.428058,
tt,27,0.9,0.5,"tt,27,0.9",-214.4934,7.790890e-01,5.213571e-01,2.77279,True,2.464267,
tt,27,0.9,0.6,"tt,27,0.9",-1342.2168000000001,1.478890e-01,1.171715e+00,2.819472,True,2.497469,
tt,27,0.9,0.7,"tt,27,0.9",-55.1718,-3.04658e-02,1.362151e+00,2.871212,True,2.528705,
tt,27,0.9,0.8,"tt,27,0.9",36.6354,1.419362e+00,-8.99305e-03,2.920858,True,2.559296,
tt,27,0.9,0.9,"tt,27,0.9",230.4378,1.169182e+00,1.503070e-01,2.963264,True,2.58736,
tt,27,0.9,1.0,"tt,27,0.9",82.7316,1.078173e-01,1.248032e+00,2.996236,True,2.610727,
tt,27,0.9,1.1,"tt,27,0.9",3.3264,7.451610e-01,7.451371e-01,3.018834,True,2.626,
tt,27,0.9,1.2,"tt,27,0.9",27.9486,1.491019e+00,-1.45040e-02,3.031436,True,2.633949,
tt,27,0.9,1.3,"tt,27,0.9",-17.3718,8.726902e-01,3.417490e-01,3.037748,True,2.637442,
tt,27,0.9,1.4,"tt,27,0.9",-5.436000000000001,1.663171e-02,1.468373e+00,3.04033,True,2.639068,
tt,27,0.9,1.5,"tt,27,0.9",-2.1474,-9.78401e-03,1.500691e+00,3.041324,True,2.639388,
tt,27,0.9,1.6,"tt,27,0.9",-5.2884,1.255625e+00,9.494667e-02,3.041724,True,2.639651,
tt,27,0.9,1.7,"tt,27,0.9",1.3806,4.119893e-02,1.216169e+00,3.041876,True,2.639847,
tt,27,0.9,1.8,"tt,27,0.9",-5.7978,6.204758e-01,5.870047e-01,3.041944,True,2.639729,
tt,27,1.0,0.0,"tt,27,1.0",4.5288,7.678169e-01,7.678174e-01,2.79486,True,2.260528,
tt,27,1.0,0.1,"tt,27,1.0",-118.017,6.121171e-01,7.422484e-01,2.781512,True,2.294744,
tt,27,1.0,0.2,"tt,27,1.0",-103.44059999999999,-8.60006e-02,1.204135e+00,2.773392,True,2.332406,
tt,27,1.0,0.3,"tt,27,1.0",-159.381,1.091101e+00,3.560374e-03,2.770778,True,2.373892,
tt,27,1.0,0.4,"tt,27,1.0",-771.4440000000001,1.163533e+00,1.524401e-01,2.786218,True,2.412755,
tt,27,1.0,0.5,"tt,27,1.0",137.34179999999998,3.715561e-03,1.361208e+00,2.818486,True,2.447285,
tt,27,1.0,0.6,"tt,27,1.0",4.527,7.679316e-01,7.679137e-01,2.867272,True,2.47831,
tt,27,1.0,0.7,"tt,27,1.0",4.5504,7.679929e-01,7.678929e-01,2.923468,True,2.507365,
tt,27,1.0,0.8,"tt,27,1.0",4.5558,7.679567e-01,7.679321e-01,2.9795,True,2.535293,
tt,27,1.0,0.9,"tt,27,1.0",4.5036,7.679587e-01,7.679392e-01,3.03037,True,2.561685,
tt,27,1.0,1.0,"tt,27,1.0",-714.9942,6.843906e-01,5.403993e-01,3.072578,True,2.584632,
tt,27,1.0,1.1,"tt,27,1.0",4.519800000000001,7.679318e-01,7.679134e-01,3.103912,True,2.60114,
tt,27,1.0,1.2,"tt,27,1.0",4.527,7.679495e-01,7.679366e-01,3.123698,True,2.610772,
tt,27,1.0,1.3,"tt,27,1.0",4.5360000000000005,7.678999e-01,7.679182e-01,3.134016,True,2.615207,
tt,27,1.0,1.4,"tt,27,1.0",22.215600000000002,-5.05798e-02,1.510917e+00,3.138504,True,2.617436,
tt,27,1.0,1.5,"tt,27,1.0",4.5342,7.679034e-01,7.679196e-01,3.140324,True,2.618476,
tt,27,1.0,1.6,"tt,27,1.0",4.5306,7.677886e-01,7.680463e-01,3.141008,True,2.618473,
tt,27,1.0,1.7,"tt,27,1.0",4.8132,1.460475e+00,-4.86931e-02,3.141286,True,2.61874,
tt,27,1.0,1.8,"tt,27,1.0",-142.047,3.046261e-02,1.258638e+00,3.141404,True,2.61875,
tt,27,1.1,0.0,"tt,27,1.1",-46.9188,7.316481e-02,1.317005e+00,2.83242,True,2.252502,
tt,27,1.1,0.1,"tt,27,1.1",-33.343199999999996,5.208022e-01,8.199293e-01,2.818546,True,2.285555,
tt,27,1.1,0.2,"tt,27,1.1",55.1034,2.712410e-02,1.367354e+00,2.808924,True,2.323117,
tt,27,1.1,0.3,"tt,27,1.1",4.7736,7.716381e-01,7.716409e-01,2.80704,True,2.363085,
tt,27,1.1,0.4,"tt,27,1.1",4.766400000000001,7.716275e-01,7.717081e-01,2.821856,True,2.400192,
tt,27,1.1,0.5,"tt,27,1.1",-1350.8298,4.154544e-01,9.038680e-01,2.854404,True,2.434275,
tt,27,1.1,0.6,"tt,27,1.1",4.771800000000001,7.716903e-01,7.716781e-01,2.903902,True,2.464436,
tt,27,1.1,0.7,"tt,27,1.1",-27.970200000000002,4.600488e-01,8.705716e-01,2.96165,True,2.49238,
tt,27,1.1,0.8,"tt,27,1.1",4.778999999999999,7.716699e-01,7.717080e-01,3.019936,True,2.519535,
tt,27,1.1,0.9,"tt,27,1.1",4.748400000000001,7.714856e-01,7.714980e-01,3.0736,True,2.545365,
tt,27,1.1,1.0,"tt,27,1.1",4.7862,7.717272e-01,7.717432e-01,3.119262,True,2.568479,
tt,27,1.1,1.1,"tt,27,1.1",4.7754,7.716946e-01,7.716771e-01,3.154438,True,2.58612,
tt,27,1.1,1.2,"tt,27,1.1",4.761,7.716914e-01,7.716546e-01,3.177818,True,2.597005,
tt,27,1.1,1.3,"tt,27,1.1",55.409400000000005,6.487243e-01,5.788588e-01,3.190664,True,2.60303,
tt,27,1.1,1.4,"tt,27,1.1",4.7682,7.717423e-01,7.717287e-01,3.19648,True,2.605564,
tt,27,1.1,1.5,"tt,27,1.1",14.765400000000001,1.572194e+00,-1.70542e-02,3.198856,True,2.605947,
tt,27,1.1,1.6,"tt,27,1.1",19.2474,1.816437e-01,1.103932e+00,3.19978,True,2.606508,
tt,27,1.1,1.7,"tt,27,1.1",-8.1648,9.307230e-01,2.844583e-01,3.200146,True,2.60685,
tt,27,1.1,1.8,"tt,27,1.1",4.77,7.716566e-01,7.716498e-01,3.200296,True,2.606784,
