process,temp,supply,control,I_left (mA),I_right (mA),I_tail (mA),nmos_sat_check,pmos_sat_check,tail_sat_check,vn,vp,vdiff_max,Oscillation Status,freq (GHZ)
tt,-40,1.1,0.0,1.158893,1.158893,2.317785,True,True,True,0.8103894,0.8103894,1.432918,True,2.194992e+00
tt,125,1.1,0.0,1.261088,1.261088,2.522138,True,True,True,0.7419397,0.7419397,1.354317,True,2.153020e+00
ss,125,1.0,0.0,1.186026,1.186026,2.372045,True,True,True,0.7566209,0.7566209,1.368645,True,2.147510e+00
sf,27,1.1,0.0,1.185882,1.185882,2.371764,True,True,True,0.7590522,0.7590522,1.396499,True,2.155598e+00
ss,-40,1.0,0.0,0.4236767,0.4236767,0.8473517,True,True,False,0.778928,0.778928,1.449379,True,2.193846e+00
ff,-40,1.1,0.0,1.187289,1.187289,2.374579,True,True,True,0.8000122,0.8000122,1.405553,True,2.201020e+00
fs,-40,1.0,0.0,1.057974,1.057974,2.115938,True,True,True,0.8324907,0.8324907,1.41497,True,2.222210e+00
fs,125,0.9,0.0,1.180751,1.180751,2.361495,True,True,True,0.7632574,0.7632574,1.317288,True,2.183253e+00
tt,125,1.0,0.0,1.217627,1.217627,2.435232,True,True,True,0.7391138,0.7391138,1.335979,True,2.160047e+00
sf,125,0.9,0.0,1.021339,1.021339,2.042674,True,True,False,0.705148,0.705148,1.31216,True,2.149333e+00
ss,-40,1.1,0.0,0.9978797,0.9978797,1.99576,True,True,False,0.8212403,0.8212403,1.466247,True,2.182605e+00
ss,125,0.9,0.0,1.0022,1.0022,2.004396,True,True,False,0.7428741,0.7428741,1.34263,True,2.156870e+00
ff,27,0.9,0.0,0.9754317,0.9754317,1.950862,True,True,False,0.7558161,0.7558161,1.32661,True,2.206208e+00
tt,125,0.9,0.0,1.141314,1.141314,2.282625,True,True,True,0.7339711,0.7339711,1.313245,True,2.168936e+00
tt,27,0.9,0.0,0.6994181,0.6994181,1.398836,True,True,False,0.7479448,0.7479448,1.355441,True,2.199295e+00
sf,125,1.0,0.0,1.195465,1.195465,2.390921,True,True,True,0.7169963,0.7169963,1.334997,True,2.139735e+00
ss,27,0.9,0.0,0.4147718,0.4147718,0.8295435,True,True,False,0.7361453,0.7361453,1.386238,True,2.189721e+00
fs,-40,0.9,0.0,0.4990393,0.4990393,0.9978536,True,True,False,0.7933683,0.7933683,1.389457,True,2.236673e+00
fs,125,1.0,0.0,1.232606,1.232606,2.465205,True,True,True,0.766933,0.766933,1.340847,True,2.175547e+00
tt,27,1.1,0.0,1.213492,1.213492,2.426984,True,True,True,0.7805992,0.7805992,1.398994,True,2.178325e+00
ff,-40,0.9,0.0,0.483078,0.483078,0.9661559,True,True,False,0.7615171,0.7615171,1.35501,True,2.229693e+00
ss,27,1.0,0.0,0.9206433,0.9206433,1.841287,True,True,False,0.7817361,0.7817361,1.413888,True,2.176258e+00
ss,27,1.1,0.0,1.183128,1.183128,2.366249,True,True,True,0.7981649,0.7981649,1.434515,True,2.167761e+00
sf,125,1.1,0.0,1.24632,1.24632,2.492636,True,True,True,0.7202081,0.7202081,1.352571,True,2.132737e+00
fs,125,1.1,0.0,1.272692,1.272692,2.545378,True,True,True,0.7697053,0.7697053,1.360617,True,2.169344e+00
ff,-40,1.0,0.0,1.055924,1.055924,2.111848,True,True,True,0.7945246,0.7945246,1.381952,True,2.213989e+00
ss,-40,0.9,0.0,0.07554612,0.07554612,0.1510923,True,True,False,0.7120383,0.7120383,1.060318e-11,False,-
tt,27,1.0,0.0,1.122495,1.122495,2.244987,True,True,True,0.7756851,0.7756851,1.379493,True,2.187663e+00
fs,27,0.9,0.0,0.9719477,0.9719477,1.943895,True,True,False,0.7924447,0.7924447,1.362436,True,2.214179e+00
ss,125,1.1,0.0,1.240173,1.240173,2.480338,True,True,True,0.7603875,0.7603875,1.387821,True,2.141213e+00
fs,27,1.0,0.0,1.175303,1.175303,2.350605,True,True,True,0.8052501,0.8052501,1.387285,True,2.202882e+00
tt,-40,1.0,0.0,0.7738689,0.7738689,1.547736,True,True,False,0.7902247,0.7902247,1.410726,True,2.205675e+00
sf,27,1.0,0.0,0.9390293,0.9390293,1.878059,True,True,False,0.7457036,0.7457036,1.37667,True,2.164535e+00
sf,-40,1.0,0.0,0.4279576,0.4279576,0.8559149,True,True,False,0.7487928,0.7487928,1.414824,True,2.183017e+00
ff,27,1.1,0.0,1.229495,1.229495,2.458985,True,True,True,0.7692108,0.7692108,1.37053,True,2.184315e+00
ff,125,0.9,0.0,1.184703,1.184703,2.369395,True,True,True,0.7242147,0.7242147,1.286876,True,2.178919e+00
sf,27,0.9,0.0,0.423773,0.423773,0.84754,True,True,False,0.704714,0.704714,1.354901,True,2.178268e+00
sf,-40,0.9,0.0,0.07093729,0.07093729,0.1418746,True,True,False,0.6870868,0.6870868,1.110778e-11,False,-
ff,125,1.1,0.0,1.278785,1.278785,2.557555,True,True,True,0.7301406,0.7301406,1.327788,True,2.162009e+00
sf,-40,1.1,0.0,1.013805,1.013805,2.027609,True,True,False,0.7845623,0.7845623,1.431432,True,2.171724e+00
fs,-40,1.1,0.0,1.194503,1.194503,2.388881,True,True,True,0.8397009,0.8397009,1.438861,True,2.210738e+00
tt,-40,0.9,0.0,0.2189989,0.2189989,0.4379977,True,True,False,0.7378738,0.7378738,1.383295,True,2.222234e+00
fs,27,1.1,0.0,1.230925,1.230925,2.461848,True,True,True,0.808494,0.808494,1.407548,True,2.194488e+00
ff,125,1.0,0.0,1.237887,1.237887,2.47576,True,True,True,0.7276061,0.7276061,1.309012,True,2.169611e+00
ff,27,1.0,0.0,1.173161,1.173161,2.346316,True,True,True,0.7664344,0.7664344,1.350468,True,2.194459e+00
sf,-40,1.1,0.1,1.013805,1.013805,2.027609,True,True,False,0.7845623,0.7845623,1.421048,True,2.220370e+00
sf,125,1.0,0.1,1.195465,1.195465,2.390921,True,True,True,0.7169963,0.7169963,1.324858,True,2.180568e+00
tt,27,1.1,0.1,1.213492,1.213492,2.426984,True,True,True,0.7805992,0.7805992,1.389148,True,2.225306e+00
ff,27,0.9,0.1,0.9754317,0.9754317,1.950862,True,True,False,0.7558161,0.7558161,1.317994,True,2.257731e+00
ff,27,1.1,0.1,1.229495,1.229495,2.458985,True,True,True,0.7692108,0.7692108,1.360431,True,2.232017e+00
ff,125,0.9,0.1,1.184703,1.184703,2.369395,True,True,True,0.7242147,0.7242147,1.277841,True,2.223691e+00
ss,27,1.0,0.1,0.9206433,0.9206433,1.841287,True,True,False,0.7817361,0.7817361,1.405112,True,2.223197e+00
fs,125,1.1,0.1,1.272692,1.272692,2.545378,True,True,True,0.7697053,0.7697053,1.351361,True,2.212115e+00
ff,-40,0.9,0.1,0.483078,0.483078,0.9661559,True,True,False,0.7615171,0.7615171,1.348116,True,2.284538e+00
sf,27,0.9,0.1,0.423773,0.423773,0.84754,True,True,False,0.704714,0.704714,1.345561,True,2.226992e+00
ff,125,1.0,0.1,1.237887,1.237887,2.47576,True,True,True,0.7276061,0.7276061,1.299039,True,2.213199e+00
tt,125,0.9,0.1,1.141314,1.141314,2.282625,True,True,True,0.7339711,0.7339711,1.305115,True,2.212257e+00
tt,125,1.1,0.1,1.261088,1.261088,2.522138,True,True,True,0.7419397,0.7419397,1.344395,True,2.194902e+00
ss,-40,0.9,0.1,0.07554612,0.07554612,0.1510923,True,True,False,0.7120383,0.7120383,6.40743e-12,False,-
sf,27,1.1,0.1,1.185882,1.185882,2.371764,True,True,True,0.7590522,0.7590522,1.38526,True,2.201445e+00
sf,125,1.1,0.1,1.24632,1.24632,2.492636,True,True,True,0.7202081,0.7202081,1.3419,True,2.172670e+00
sf,-40,0.9,0.1,0.07093729,0.07093729,0.1418746,True,True,False,0.6870868,0.6870868,1.505707e-11,False,-
ss,-40,1.0,0.1,0.4236767,0.4236767,0.8473517,True,True,False,0.778928,0.778928,1.440985,True,2.244893e+00
sf,-40,1.0,0.1,0.4279576,0.4279576,0.8559149,True,True,False,0.7487928,0.7487928,1.407606,True,2.233201e+00
ff,-40,1.1,0.1,1.187289,1.187289,2.374579,True,True,True,0.8000122,0.8000122,1.396931,True,2.250930e+00
tt,125,1.0,0.1,1.217627,1.217627,2.435232,True,True,True,0.7391138,0.7391138,1.326809,True,2.202880e+00
ff,27,1.0,0.1,1.173161,1.173161,2.346316,True,True,True,0.7664344,0.7664344,1.341061,True,2.243222e+00
sf,125,0.9,0.1,1.021339,1.021339,2.042674,True,True,False,0.705148,0.705148,1.303018,True,2.190837e+00
ss,-40,1.1,0.1,0.9978797,0.9978797,1.99576,True,True,False,0.8212403,0.8212403,1.457142,True,2.231429e+00
ff,-40,1.0,0.1,1.055924,1.055924,2.111848,True,True,True,0.7945246,0.7945246,1.373872,True,2.266117e+00
ff,125,1.1,0.1,1.278785,1.278785,2.557555,True,True,True,0.7301406,0.7301406,1.31697,True,2.205027e+00
sf,27,1.0,0.1,0.9390293,0.9390293,1.878059,True,True,False,0.7457036,0.7457036,1.366277,True,2.211533e+00
tt,-40,0.9,0.1,0.2189989,0.2189989,0.4379977,True,True,False,0.7378738,0.7378738,1.377951,True,2.275851e+00
ss,27,0.9,0.1,0.4147718,0.4147718,0.8295435,True,True,False,0.7361453,0.7361453,1.379519,True,2.238566e+00
tt,-40,1.1,0.1,1.158893,1.158893,2.317785,True,True,True,0.8103894,0.8103894,1.424054,True,2.245262e+00
tt,-40,1.0,0.1,0.7738689,0.7738689,1.547736,True,True,False,0.7902247,0.7902247,1.402572,True,2.258129e+00
tt,27,1.0,0.1,1.122495,1.122495,2.244987,True,True,True,0.7756851,0.7756851,1.370194,True,2.235418e+00
ss,125,1.1,0.1,1.240173,1.240173,2.480338,True,True,True,0.7603875,0.7603875,1.378759,True,2.181509e+00
tt,27,0.9,0.1,0.6994181,0.6994181,1.398836,True,True,False,0.7479448,0.7479448,1.347181,True,2.250122e+00
ss,27,1.1,0.1,1.183128,1.183128,2.366249,True,True,True,0.7981649,0.7981649,1.424611,True,2.213109e+00
ss,125,1.0,0.1,1.186026,1.186026,2.372045,True,True,True,0.7566209,0.7566209,1.360355,True,2.188845e+00
fs,125,1.0,0.1,1.232606,1.232606,2.465205,True,True,True,0.766933,0.766933,1.332481,True,2.219433e+00
fs,-40,1.1,0.1,1.194503,1.194503,2.388881,True,True,True,0.8397009,0.8397009,1.431505,True,2.260752e+00
fs,27,1.0,0.1,1.175303,1.175303,2.350605,True,True,True,0.8052501,0.8052501,1.37904,True,2.252727e+00
fs,27,0.9,0.1,0.9719477,0.9719477,1.943895,True,True,False,0.7924447,0.7924447,1.35504,True,2.265040e+00
fs,-40,1.0,0.1,1.057974,1.057974,2.115938,True,True,True,0.8324907,0.8324907,1.409446,True,2.274443e+00
fs,125,0.9,0.1,1.180751,1.180751,2.361495,True,True,True,0.7632574,0.7632574,1.310038,True,2.228162e+00
fs,27,1.1,0.1,1.230925,1.230925,2.461848,True,True,True,0.808494,0.808494,1.398565,True,2.242930e+00
ss,125,0.9,0.1,1.0022,1.0022,2.004396,True,True,False,0.7428741,0.7428741,1.335405,True,2.198592e+00
fs,-40,0.9,0.1,0.4990393,0.4990393,0.9978536,True,True,False,0.7933683,0.7933683,1.383264,True,2.291254e+00
ss,-40,0.9,0.2,0.07554612,0.07554612,0.1510923,True,True,False,0.7120383,0.7120383,9.536927e-12,False,-
ss,125,1.0,0.2,1.186026,1.186026,2.372045,True,True,True,0.7566209,0.7566209,1.35451,True,2.235491e+00
tt,27,1.0,0.2,1.122495,1.122495,2.244987,True,True,True,0.7756851,0.7756851,1.364505,True,2.289550e+00
tt,-40,1.1,0.2,1.158893,1.158893,2.317785,True,True,True,0.8103894,0.8103894,1.418771,True,2.298852e+00
ff,-40,1.1,0.2,1.187289,1.187289,2.374579,True,True,True,0.8000122,0.8000122,1.392015,True,2.306657e+00
fs,-40,1.0,0.2,1.057974,1.057974,2.115938,True,True,True,0.8324907,0.8324907,1.405708,True,2.330422e+00
tt,125,1.0,0.2,1.217627,1.217627,2.435232,True,True,True,0.7391138,0.7391138,1.32052,True,2.251340e+00
ss,-40,1.0,0.2,0.4236767,0.4236767,0.8473517,True,True,False,0.778928,0.778928,1.436783,True,2.298659e+00
sf,27,1.1,0.2,1.185882,1.185882,2.371764,True,True,True,0.7590522,0.7590522,1.378096,True,2.253482e+00
tt,125,1.1,0.2,1.261088,1.261088,2.522138,True,True,True,0.7419397,0.7419397,1.3375,True,2.242536e+00
ff,125,1.1,0.2,1.278785,1.278785,2.557555,True,True,True,0.7301406,0.7301406,1.309448,True,2.254269e+00
fs,27,1.1,0.2,1.230925,1.230925,2.461848,True,True,True,0.808494,0.808494,1.393368,True,2.296704e+00
tt,-40,0.9,0.2,0.2189989,0.2189989,0.4379977,True,True,False,0.7378738,0.7378738,1.375098,True,2.334576e+00
fs,27,0.9,0.2,0.9719477,0.9719477,1.943895,True,True,False,0.7924447,0.7924447,1.350991,True,2.322038e+00
ff,125,0.9,0.2,1.184703,1.184703,2.369395,True,True,True,0.7242147,0.7242147,1.27172,True,2.275851e+00
ff,27,1.1,0.2,1.229495,1.229495,2.458985,True,True,True,0.7692108,0.7692108,1.354533,True,2.285835e+00
fs,27,1.0,0.2,1.175303,1.175303,2.350605,True,True,True,0.8052501,0.8052501,1.37432,True,2.306927e+00
sf,-40,1.0,0.2,0.4279576,0.4279576,0.8559149,True,True,False,0.7487928,0.7487928,1.402878,True,2.287828e+00
sf,27,0.9,0.2,0.423773,0.423773,0.84754,True,True,False,0.704714,0.704714,1.340443,True,2.282041e+00
ss,125,1.1,0.2,1.240173,1.240173,2.480338,True,True,True,0.7603875,0.7603875,1.372293,True,2.227356e+00
ff,125,1.0,0.2,1.237887,1.237887,2.47576,True,True,True,0.7276061,0.7276061,1.292138,True,2.264435e+00
ff,27,1.0,0.2,1.173161,1.173161,2.346316,True,True,True,0.7664344,0.7664344,1.335592,True,2.299547e+00
tt,-40,1.0,0.2,0.7738689,0.7738689,1.547736,True,True,False,0.7902247,0.7902247,1.397606,True,2.313037e+00
sf,-40,0.9,0.2,0.07093729,0.07093729,0.1418746,True,True,False,0.6870868,0.6870868,9.395817e-12,False,-
fs,-40,1.1,0.2,1.194503,1.194503,2.388881,True,True,True,0.8397009,0.8397009,1.427333,True,2.316305e+00
fs,125,0.9,0.2,1.180751,1.180751,2.361495,True,True,True,0.7632574,0.7632574,1.305307,True,2.279595e+00
sf,27,1.0,0.2,0.9390293,0.9390293,1.878059,True,True,False,0.7457036,0.7457036,1.359665,True,2.264755e+00
ff,27,0.9,0.2,0.9754317,0.9754317,1.950862,True,True,False,0.7558161,0.7558161,1.312997,True,2.315470e+00
sf,125,0.9,0.2,1.021339,1.021339,2.042674,True,True,False,0.705148,0.705148,1.296587,True,2.239767e+00
sf,-40,1.1,0.2,1.013805,1.013805,2.027609,True,True,False,0.7845623,0.7845623,1.414282,True,2.273366e+00
sf,125,1.0,0.2,1.195465,1.195465,2.390921,True,True,True,0.7169963,0.7169963,1.317718,True,2.228411e+00
ss,27,0.9,0.2,0.4147718,0.4147718,0.8295435,True,True,False,0.7361453,0.7361453,1.374633,True,2.293012e+00
tt,27,1.1,0.2,1.213492,1.213492,2.426984,True,True,True,0.7805992,0.7805992,1.383038,True,2.278167e+00
fs,125,1.0,0.2,1.232606,1.232606,2.465205,True,True,True,0.766933,0.766933,1.326764,True,2.269776e+00
tt,27,0.9,0.2,0.6994181,0.6994181,1.398836,True,True,False,0.7479448,0.7479448,1.342223,True,2.306340e+00
ff,-40,0.9,0.2,0.483078,0.483078,0.9661559,True,True,False,0.7615171,0.7615171,1.344864,True,2.343203e+00
fs,125,1.1,0.2,1.272692,1.272692,2.545378,True,True,True,0.7697053,0.7697053,1.344938,True,2.261587e+00
ss,27,1.0,0.2,0.9206433,0.9206433,1.841287,True,True,False,0.7817361,0.7817361,1.398424,True,2.275237e+00
tt,125,0.9,0.2,1.141314,1.141314,2.282625,True,True,True,0.7339711,0.7339711,1.299512,True,2.262795e+00
ss,27,1.1,0.2,1.183128,1.183128,2.366249,True,True,True,0.7981649,0.7981649,1.41836,True,2.263784e+00
fs,-40,0.9,0.2,0.4990393,0.4990393,0.9978536,True,True,False,0.7933683,0.7933683,1.380636,True,2.348579e+00
ff,-40,1.0,0.2,1.055924,1.055924,2.111848,True,True,True,0.7945246,0.7945246,1.369311,True,2.323179e+00
ss,125,0.9,0.2,1.0022,1.0022,2.004396,True,True,False,0.7428741,0.7428741,1.330448,True,2.246997e+00
sf,125,1.1,0.2,1.24632,1.24632,2.492636,True,True,True,0.7202081,0.7202081,1.33415,True,2.219200e+00
ss,-40,1.1,0.2,0.9978797,0.9978797,1.99576,True,True,False,0.8212403,0.8212403,1.451781,True,2.283391e+00
sf,125,1.0,0.3,1.195465,1.195465,2.390921,True,True,True,0.7169963,0.7169963,1.315888,True,2.279832e+00
tt,-40,1.0,0.3,0.7738689,0.7738689,1.547736,True,True,False,0.7902247,0.7902247,1.400286,True,2.369359e+00
tt,27,1.1,0.3,1.213492,1.213492,2.426984,True,True,True,0.7805992,0.7805992,1.383795,True,2.332372e+00
sf,-40,0.9,0.3,0.07093729,0.07093729,0.1418746,True,True,False,0.6870868,0.6870868,4.268075e-11,False,-
tt,27,1.0,0.3,1.122495,1.122495,2.244987,True,True,True,0.7756851,0.7756851,1.365537,True,2.344778e+00
sf,-40,1.1,0.3,1.013805,1.013805,2.027609,True,True,False,0.7845623,0.7845623,1.417001,True,2.326669e+00
ss,27,1.1,0.3,1.183128,1.183128,2.366249,True,True,True,0.7981649,0.7981649,1.418261,True,2.317137e+00
fs,-40,1.1,0.3,1.194503,1.194503,2.388881,True,True,True,0.8397009,0.8397009,1.429576,True,2.371003e+00
tt,-40,0.9,0.3,0.2189989,0.2189989,0.4379977,True,True,False,0.7378738,0.7378738,1.379758,True,2.392817e+00
ff,27,1.0,0.3,1.173161,1.173161,2.346316,True,True,True,0.7664344,0.7664344,1.337031,True,2.355361e+00
fs,27,0.9,0.3,0.9719477,0.9719477,1.943895,True,True,False,0.7924447,0.7924447,1.352494,True,2.380773e+00
sf,27,0.9,0.3,0.423773,0.423773,0.84754,True,True,False,0.704714,0.704714,1.342414,True,2.338310e+00
fs,125,1.1,0.3,1.272692,1.272692,2.545378,True,True,True,0.7697053,0.7697053,1.343601,True,2.315333e+00
sf,125,1.1,0.3,1.24632,1.24632,2.492636,True,True,True,0.7202081,0.7202081,1.332059,True,2.269841e+00
ss,125,1.1,0.3,1.240173,1.240173,2.480338,True,True,True,0.7603875,0.7603875,1.370667,True,2.277354e+00
ss,125,0.9,0.3,1.0022,1.0022,2.004396,True,True,False,0.7428741,0.7428741,1.329702,True,2.299821e+00
sf,-40,1.0,0.3,0.4279576,0.4279576,0.8559149,True,True,False,0.7487928,0.7487928,1.405683,True,2.343439e+00
ss,27,1.0,0.3,0.9206433,0.9206433,1.841287,True,True,False,0.7817361,0.7817361,1.399894,True,2.329467e+00
fs,27,1.0,0.3,1.175303,1.175303,2.350605,True,True,True,0.8052501,0.8052501,1.375611,True,2.363771e+00
fs,125,1.0,0.3,1.232606,1.232606,2.465205,True,True,True,0.766933,0.766933,1.325982,True,2.324293e+00
ff,27,1.1,0.3,1.229495,1.229495,2.458985,True,True,True,0.7692108,0.7692108,1.355807,True,2.342049e+00
ff,125,0.9,0.3,1.184703,1.184703,2.369395,True,True,True,0.7242147,0.7242147,1.270848,True,2.332057e+00
ff,125,1.0,0.3,1.237887,1.237887,2.47576,True,True,True,0.7276061,0.7276061,1.290813,True,2.319077e+00
fs,125,0.9,0.3,1.180751,1.180751,2.361495,True,True,True,0.7632574,0.7632574,1.304975,True,2.335906e+00
ss,27,0.9,0.3,0.4147718,0.4147718,0.8295435,True,True,False,0.7361453,0.7361453,1.376963,True,2.349336e+00
ff,-40,1.0,0.3,1.055924,1.055924,2.111848,True,True,True,0.7945246,0.7945246,1.372347,True,2.380044e+00
ss,-40,1.0,0.3,0.4236767,0.4236767,0.8473517,True,True,False,0.778928,0.778928,1.44095,True,2.352911e+00
sf,125,0.9,0.3,1.021339,1.021339,2.042674,True,True,False,0.705148,0.705148,1.295189,True,2.293529e+00
tt,125,1.0,0.3,1.217627,1.217627,2.435232,True,True,True,0.7391138,0.7391138,1.319349,True,2.304757e+00
tt,125,0.9,0.3,1.141314,1.141314,2.282625,True,True,True,0.7339711,0.7339711,1.299015,True,2.317274e+00
tt,-40,1.1,0.3,1.158893,1.158893,2.317785,True,True,True,0.8103894,0.8103894,1.421083,True,2.352034e+00
ss,-40,1.1,0.3,0.9978797,0.9978797,1.99576,True,True,False,0.8212403,0.8212403,1.453409,True,2.336505e+00
ff,125,1.1,0.3,1.278785,1.278785,2.557555,True,True,True,0.7301406,0.7301406,1.30767,True,2.308637e+00
fs,-40,1.0,0.3,1.057974,1.057974,2.115938,True,True,True,0.8324907,0.8324907,1.408092,True,2.387144e+00
ss,-40,0.9,0.3,0.07554612,0.07554612,0.1510923,True,True,False,0.7120383,0.7120383,8.36331e-12,False,-
ff,-40,0.9,0.3,0.483078,0.483078,0.9661559,True,True,False,0.7615171,0.7615171,1.348546,True,2.403992e+00
fs,-40,0.9,0.3,0.4990393,0.4990393,0.9978536,True,True,False,0.7933683,0.7933683,1.383625,True,2.409366e+00
sf,27,1.1,0.3,1.185882,1.185882,2.371764,True,True,True,0.7590522,0.7590522,1.378359,True,2.306632e+00
sf,27,1.0,0.3,0.9390293,0.9390293,1.878059,True,True,False,0.7457036,0.7457036,1.360491,True,2.319445e+00
tt,125,1.1,0.3,1.261088,1.261088,2.522138,True,True,True,0.7419397,0.7419397,1.335911,True,2.294134e+00
ff,-40,1.1,0.3,1.187289,1.187289,2.374579,True,True,True,0.8000122,0.8000122,1.394825,True,2.360928e+00
tt,27,0.9,0.3,0.6994181,0.6994181,1.398836,True,True,False,0.7479448,0.7479448,1.343842,True,2.363757e+00
ff,27,0.9,0.3,0.9754317,0.9754317,1.950862,True,True,False,0.7558161,0.7558161,1.314704,True,2.374417e+00
fs,27,1.1,0.3,1.230925,1.230925,2.461848,True,True,True,0.808494,0.808494,1.394394,True,2.351977e+00
ss,125,1.0,0.3,1.186026,1.186026,2.372045,True,True,True,0.7566209,0.7566209,1.35329,True,2.287008e+00
ff,-40,1.0,0.4,1.055924,1.055924,2.111848,True,True,True,0.7945246,0.7945246,1.388422,True,2.431013e+00
sf,-40,1.1,0.4,1.013805,1.013805,2.027609,True,True,False,0.7845623,0.7845623,1.433558,True,2.374576e+00
sf,27,1.0,0.4,0.9390293,0.9390293,1.878059,True,True,False,0.7457036,0.7457036,1.3725,True,2.371035e+00
sf,125,1.0,0.4,1.195465,1.195465,2.390921,True,True,True,0.7169963,0.7169963,1.322014,True,2.331992e+00
sf,125,0.9,0.4,1.021339,1.021339,2.042674,True,True,False,0.705148,0.705148,1.301373,True,2.346820e+00
ff,27,0.9,0.4,0.9754317,0.9754317,1.950862,True,True,False,0.7558161,0.7558161,1.32617,True,2.429929e+00
ff,27,1.1,0.4,1.229495,1.229495,2.458985,True,True,True,0.7692108,0.7692108,1.36752,True,2.393926e+00
sf,125,1.1,0.4,1.24632,1.24632,2.492636,True,True,True,0.7202081,0.7202081,1.337897,True,2.320750e+00
ff,27,1.0,0.4,1.173161,1.173161,2.346316,True,True,True,0.7664344,0.7664344,1.348713,True,2.410088e+00
fs,125,0.9,0.4,1.180751,1.180751,2.361495,True,True,True,0.7632574,0.7632574,1.311153,True,2.391931e+00
fs,-40,0.9,0.4,0.4990393,0.4990393,0.9978536,True,True,False,0.7933683,0.7933683,1.396852,True,2.463419e+00
sf,27,1.1,0.4,1.185882,1.185882,2.371764,True,True,True,0.7590522,0.7590522,1.390028,True,2.356223e+00
fs,27,1.0,0.4,1.175303,1.175303,2.350605,True,True,True,0.8052501,0.8052501,1.38596,True,2.418815e+00
fs,-40,1.1,0.4,1.194503,1.194503,2.388881,True,True,True,0.8397009,0.8397009,1.44317,True,2.420713e+00
fs,27,1.1,0.4,1.230925,1.230925,2.461848,True,True,True,0.808494,0.808494,1.404672,True,2.403876e+00
fs,-40,1.0,0.4,1.057974,1.057974,2.115938,True,True,True,0.8324907,0.8324907,1.421815,True,2.438848e+00
fs,125,1.1,0.4,1.272692,1.272692,2.545378,True,True,True,0.7697053,0.7697053,1.34936,True,2.368974e+00
ff,-40,0.9,0.4,0.483078,0.483078,0.9661559,True,True,False,0.7615171,0.7615171,1.364189,True,2.457686e+00
sf,27,0.9,0.4,0.423773,0.423773,0.84754,True,True,False,0.704714,0.704714,1.356254,True,2.393088e+00
fs,125,1.0,0.4,1.232606,1.232606,2.465205,True,True,True,0.766933,0.766933,1.331982,True,2.379419e+00
ff,-40,1.1,0.4,1.187289,1.187289,2.374579,True,True,True,0.8000122,0.8000122,1.411222,True,2.410888e+00
ff,125,0.9,0.4,1.184703,1.184703,2.369395,True,True,True,0.7242147,0.7242147,1.277278,True,2.389058e+00
tt,27,1.1,0.4,1.213492,1.213492,2.426984,True,True,True,0.7805992,0.7805992,1.394596,True,2.383453e+00
tt,125,1.1,0.4,1.261088,1.261088,2.522138,True,True,True,0.7419397,0.7419397,1.341888,True,2.346833e+00
ss,-40,0.9,0.4,0.07554612,0.07554612,0.1510923,True,True,False,0.7120383,0.7120383,1.580758e-11,False,-
tt,125,1.0,0.4,1.217627,1.217627,2.435232,True,True,True,0.7391138,0.7391138,1.32549,True,2.358304e+00
ss,-40,1.0,0.4,0.4236767,0.4236767,0.8473517,True,True,False,0.778928,0.778928,1.455019,True,2.402782e+00
tt,125,0.9,0.4,1.141314,1.141314,2.282625,True,True,True,0.7339711,0.7339711,1.305161,True,2.372214e+00
ss,-40,1.1,0.4,0.9978797,0.9978797,1.99576,True,True,False,0.8212403,0.8212403,1.466932,True,2.384774e+00
ss,27,0.9,0.4,0.4147718,0.4147718,0.8295435,True,True,False,0.7361453,0.7361453,1.387877,True,2.403170e+00
ss,27,1.0,0.4,0.9206433,0.9206433,1.841287,True,True,False,0.7817361,0.7817361,1.410178,True,2.380914e+00
tt,27,1.0,0.4,1.122495,1.122495,2.244987,True,True,True,0.7756851,0.7756851,1.376415,True,2.398010e+00
ss,27,1.1,0.4,1.183128,1.183128,2.366249,True,True,True,0.7981649,0.7981649,1.428059,True,2.367358e+00
tt,27,0.9,0.4,0.6994181,0.6994181,1.398836,True,True,False,0.7479448,0.7479448,1.355111,True,2.418443e+00
ss,125,0.9,0.4,1.0022,1.0022,2.004396,True,True,False,0.7428741,0.7428741,1.335401,True,2.352716e+00
tt,-40,1.1,0.4,1.158893,1.158893,2.317785,True,True,True,0.8103894,0.8103894,1.436199,True,2.400480e+00
ss,125,1.0,0.4,1.186026,1.186026,2.372045,True,True,True,0.7566209,0.7566209,1.358848,True,2.338467e+00
tt,-40,1.0,0.4,0.7738689,0.7738689,1.547736,True,True,False,0.7902247,0.7902247,1.415914,True,2.419409e+00
ss,125,1.1,0.4,1.240173,1.240173,2.480338,True,True,True,0.7603875,0.7603875,1.376015,True,2.327943e+00
tt,-40,0.9,0.4,0.2189989,0.2189989,0.4379977,True,True,False,0.7378738,0.7378738,1.394924,True,2.446250e+00
ff,125,1.1,0.4,1.278785,1.278785,2.557555,True,True,True,0.7301406,0.7301406,1.313831,True,2.362539e+00
sf,-40,0.9,0.4,0.07093729,0.07093729,0.1418746,True,True,False,0.6870868,0.6870868,3.920853e-11,False,-
fs,27,0.9,0.4,0.9719477,0.9719477,1.943895,True,True,False,0.7924447,0.7924447,1.362911,True,2.436742e+00
ff,125,1.0,0.4,1.237887,1.237887,2.47576,True,True,True,0.7276061,0.7276061,1.297085,True,2.374091e+00
sf,-40,1.0,0.4,0.4279576,0.4279576,0.8559149,True,True,False,0.7487928,0.7487928,1.423096,True,2.393664e+00
sf,125,0.9,0.5,1.021339,1.021339,2.042674,True,True,False,0.705148,0.705148,1.316087,True,2.397811e+00
tt,125,1.0,0.5,1.217627,1.217627,2.435232,True,True,True,0.7391138,0.7391138,1.340179,True,2.408098e+00
tt,-40,1.0,0.5,0.7738689,0.7738689,1.547736,True,True,False,0.7902247,0.7902247,1.444031,True,2.461332e+00
ff,-40,1.0,0.5,1.055924,1.055924,2.111848,True,True,True,0.7945246,0.7945246,1.418447,True,2.473199e+00
sf,-40,1.0,0.5,0.4279576,0.4279576,0.8559149,True,True,False,0.7487928,0.7487928,1.454052,True,2.435289e+00
ss,-40,1.0,0.5,0.4236767,0.4236767,0.8473517,True,True,False,0.778928,0.778928,1.481109,True,2.445052e+00
tt,125,0.9,0.5,1.141314,1.141314,2.282625,True,True,True,0.7339711,0.7339711,1.319327,True,2.423655e+00
ss,125,1.0,0.5,1.186026,1.186026,2.372045,True,True,True,0.7566209,0.7566209,1.37245,True,2.386914e+00
ff,-40,0.9,0.5,0.483078,0.483078,0.9661559,True,True,False,0.7615171,0.7615171,1.391746,True,2.503658e+00
ss,-40,1.1,0.5,0.9978797,0.9978797,1.99576,True,True,False,0.8212403,0.8212403,1.494229,True,2.425244e+00
fs,27,1.1,0.5,1.230925,1.230925,2.461848,True,True,True,0.808494,0.808494,1.425702,True,2.450743e+00
tt,27,1.1,0.5,1.213492,1.213492,2.426984,True,True,True,0.7805992,0.7805992,1.41764,True,2.428129e+00
sf,27,1.1,0.5,1.185882,1.185882,2.371764,True,True,True,0.7590522,0.7590522,1.414938,True,2.400235e+00
fs,-40,1.0,0.5,1.057974,1.057974,2.115938,True,True,True,0.8324907,0.8324907,1.447451,True,2.482436e+00
ss,27,0.9,0.5,0.4147718,0.4147718,0.8295435,True,True,False,0.7361453,0.7361453,1.408563,True,2.451950e+00
ff,27,1.1,0.5,1.229495,1.229495,2.458985,True,True,True,0.7692108,0.7692108,1.392134,True,2.438890e+00
fs,125,1.1,0.5,1.272692,1.272692,2.545378,True,True,True,0.7697053,0.7697053,1.36336,True,2.420059e+00
tt,-40,1.1,0.5,1.158893,1.158893,2.317785,True,True,True,0.8103894,0.8103894,1.465325,True,2.440607e+00
tt,27,1.0,0.5,1.122495,1.122495,2.244987,True,True,True,0.7756851,0.7756851,1.398997,True,2.444413e+00
sf,125,1.1,0.5,1.24632,1.24632,2.492636,True,True,True,0.7202081,0.7202081,1.353647,True,2.368477e+00
ss,27,1.0,0.5,0.9206433,0.9206433,1.841287,True,True,False,0.7817361,0.7817361,1.430714,True,2.427168e+00
ss,125,0.9,0.5,1.0022,1.0022,2.004396,True,True,False,0.7428741,0.7428741,1.348677,True,2.402955e+00
fs,125,0.9,0.5,1.180751,1.180751,2.361495,True,True,True,0.7632574,0.7632574,1.324318,True,2.445442e+00
fs,125,1.0,0.5,1.232606,1.232606,2.465205,True,True,True,0.766933,0.766933,1.345758,True,2.431055e+00
ss,27,1.1,0.5,1.183128,1.183128,2.366249,True,True,True,0.7981649,0.7981649,1.4493,True,2.411805e+00
tt,27,0.9,0.5,0.6994181,0.6994181,1.398836,True,True,False,0.7479448,0.7479448,1.376575,True,2.467024e+00
ff,125,0.9,0.5,1.184703,1.184703,2.369395,True,True,True,0.7242147,0.7242147,1.291921,True,2.442869e+00
sf,125,1.0,0.5,1.195465,1.195465,2.390921,True,True,True,0.7169963,0.7169963,1.33749,True,2.380907e+00
fs,-40,1.1,0.5,1.194503,1.194503,2.388881,True,True,True,0.8397009,0.8397009,1.469565,True,2.462268e+00
fs,-40,0.9,0.5,0.4990393,0.4990393,0.9978536,True,True,False,0.7933683,0.7933683,1.421107,True,2.510117e+00
sf,27,1.0,0.5,0.9390293,0.9390293,1.878059,True,True,False,0.7457036,0.7457036,1.397,True,2.416590e+00
sf,-40,0.9,0.5,0.07093729,0.07093729,0.1418746,True,True,False,0.6870868,0.6870868,2.240907e-11,False,-
tt,125,1.1,0.5,1.261088,1.261088,2.522138,True,True,True,0.7419397,0.7419397,1.35673,True,2.396226e+00
ss,125,1.1,0.5,1.240173,1.240173,2.480338,True,True,True,0.7603875,0.7603875,1.38971,True,2.375598e+00
tt,-40,0.9,0.5,0.2189989,0.2189989,0.4379977,True,True,False,0.7378738,0.7378738,1.421317,True,2.492104e+00
fs,27,1.0,0.5,1.175303,1.175303,2.350605,True,True,True,0.8052501,0.8052501,1.406472,True,2.466706e+00
ff,-40,1.1,0.5,1.187289,1.187289,2.374579,True,True,True,0.8000122,0.8000122,1.442109,True,2.451043e+00
sf,27,0.9,0.5,0.423773,0.423773,0.84754,True,True,False,0.704714,0.704714,1.37773,True,2.441551e+00
ff,125,1.1,0.5,1.278785,1.278785,2.557555,True,True,True,0.7301406,0.7301406,1.32951,True,2.412966e+00
fs,27,0.9,0.5,0.9719477,0.9719477,1.943895,True,True,False,0.7924447,0.7924447,1.382443,True,2.486940e+00
ff,125,1.0,0.5,1.237887,1.237887,2.47576,True,True,True,0.7276061,0.7276061,1.312427,True,2.426023e+00
ff,27,1.0,0.5,1.173161,1.173161,2.346316,True,True,True,0.7664344,0.7664344,1.372543,True,2.456643e+00
ss,-40,0.9,0.5,0.07554612,0.07554612,0.1510923,True,True,False,0.7120383,0.7120383,1.539613e-11,False,-
sf,-40,1.1,0.5,1.013805,1.013805,2.027609,True,True,False,0.7845623,0.7845623,1.465516,True,2.414546e+00
ff,27,0.9,0.5,0.9754317,0.9754317,1.950862,True,True,False,0.7558161,0.7558161,1.348584,True,2.479660e+00
tt,-40,1.1,0.6,1.158893,1.158893,2.317785,True,True,True,0.8103894,0.8103894,1.502918,True,2.475513e+00
sf,-40,1.0,0.6,0.4279576,0.4279576,0.8559149,True,True,False,0.7487928,0.7487928,1.492994,True,2.472137e+00
fs,125,1.1,0.6,1.272692,1.272692,2.545378,True,True,True,0.7697053,0.7697053,1.385022,True,2.465387e+00
tt,27,1.0,0.6,1.122495,1.122495,2.244987,True,True,True,0.7756851,0.7756851,1.430025,True,2.484597e+00
sf,125,1.0,0.6,1.195465,1.195465,2.390921,True,True,True,0.7169963,0.7169963,1.3618,True,2.424973e+00
sf,27,0.9,0.6,0.423773,0.423773,0.84754,True,True,False,0.704714,0.704714,1.408173,True,2.485588e+00
ff,27,0.9,0.6,0.9754317,0.9754317,1.950862,True,True,False,0.7558161,0.7558161,1.378777,True,2.523801e+00
sf,-40,0.9,0.6,0.07093729,0.07093729,0.1418746,True,True,False,0.6870868,0.6870868,1.457678e-11,False,-
fs,27,0.9,0.6,0.9719477,0.9719477,1.943895,True,True,False,0.7924447,0.7924447,1.408639,True,2.530752e+00
sf,125,1.1,0.6,1.24632,1.24632,2.492636,True,True,True,0.7202081,0.7202081,1.378459,True,2.411503e+00
ff,125,1.1,0.6,1.278785,1.278785,2.557555,True,True,True,0.7301406,0.7301406,1.354271,True,2.457458e+00
ss,27,1.0,0.6,0.9206433,0.9206433,1.841287,True,True,False,0.7817361,0.7817361,1.460532,True,2.466999e+00
ff,125,0.9,0.6,1.184703,1.184703,2.369395,True,True,True,0.7242147,0.7242147,1.314473,True,2.490596e+00
tt,-40,0.9,0.6,0.2189989,0.2189989,0.4379977,True,True,False,0.7378738,0.7378738,1.452559,True,2.534783e+00
fs,125,1.0,0.6,1.232606,1.232606,2.465205,True,True,True,0.766933,0.766933,1.366715,True,2.477507e+00
fs,125,0.9,0.6,1.180751,1.180751,2.361495,True,True,True,0.7632574,0.7632574,1.344032,True,2.492762e+00
fs,-40,0.9,0.6,0.4990393,0.4990393,0.9978536,True,True,False,0.7933683,0.7933683,1.450651,True,2.552455e+00
tt,27,0.9,0.6,0.6994181,0.6994181,1.398836,True,True,False,0.7479448,0.7479448,1.404349,True,2.510519e+00
ff,125,1.0,0.6,1.237887,1.237887,2.47576,True,True,True,0.7276061,0.7276061,1.336351,True,2.472291e+00
ss,125,0.9,0.6,1.0022,1.0022,2.004396,True,True,False,0.7428741,0.7428741,1.368618,True,2.448703e+00
fs,-40,1.0,0.6,1.057974,1.057974,2.115938,True,True,True,0.8324907,0.8324907,1.480455,True,2.520490e+00
ss,-40,0.9,0.6,0.07554612,0.07554612,0.1510923,True,True,False,0.7120383,0.7120383,8.558043e-12,False,-
ss,27,1.1,0.6,1.183128,1.183128,2.366249,True,True,True,0.7981649,0.7981649,1.479767,True,2.450152e+00
sf,27,1.1,0.6,1.185882,1.185882,2.371764,True,True,True,0.7590522,0.7590522,1.449766,True,2.438302e+00
sf,-40,1.1,0.6,1.013805,1.013805,2.027609,True,True,False,0.7845623,0.7845623,1.506293,True,2.449085e+00
tt,125,1.0,0.6,1.217627,1.217627,2.435232,True,True,True,0.7391138,0.7391138,1.3629,True,2.452523e+00
ff,-40,1.1,0.6,1.187289,1.187289,2.374579,True,True,True,0.8000122,0.8000122,1.4816,True,2.486796e+00
tt,-40,1.0,0.6,0.7738689,0.7738689,1.547736,True,True,False,0.7902247,0.7902247,1.479584,True,2.498382e+00
ff,-40,1.0,0.6,1.055924,1.055924,2.111848,True,True,True,0.7945246,0.7945246,1.4563,True,2.511247e+00
tt,125,1.1,0.6,1.261088,1.261088,2.522138,True,True,True,0.7419397,0.7419397,1.380158,True,2.439354e+00
ss,-40,1.0,0.6,0.4236767,0.4236767,0.8473517,True,True,False,0.778928,0.778928,1.515974,True,2.481917e+00
fs,27,1.0,0.6,1.175303,1.175303,2.350605,True,True,True,0.8052501,0.8052501,1.434955,True,2.507655e+00
tt,125,0.9,0.6,1.141314,1.141314,2.282625,True,True,True,0.7339711,0.7339711,1.340748,True,2.469891e+00
fs,-40,1.1,0.6,1.194503,1.194503,2.388881,True,True,True,0.8397009,0.8397009,1.504095,True,2.498560e+00
sf,125,0.9,0.6,1.021339,1.021339,2.042674,True,True,False,0.705148,0.705148,1.339254,True,2.443827e+00
ss,125,1.1,0.6,1.240173,1.240173,2.480338,True,True,True,0.7603875,0.7603875,1.411621,True,2.418096e+00
ss,27,0.9,0.6,0.4147718,0.4147718,0.8295435,True,True,False,0.7361453,0.7361453,1.434809,True,2.495912e+00
ff,27,1.0,0.6,1.173161,1.173161,2.346316,True,True,True,0.7664344,0.7664344,1.405053,True,2.497720e+00
ss,125,1.0,0.6,1.186026,1.186026,2.372045,True,True,True,0.7566209,0.7566209,1.393845,True,2.430525e+00
tt,27,1.1,0.6,1.213492,1.213492,2.426984,True,True,True,0.7805992,0.7805992,1.449662,True,2.466715e+00
ff,27,1.1,0.6,1.229495,1.229495,2.458985,True,True,True,0.7692108,0.7692108,1.425853,True,2.478432e+00
fs,27,1.1,0.6,1.230925,1.230925,2.461848,True,True,True,0.808494,0.808494,1.455349,True,2.490802e+00
ff,-40,0.9,0.6,0.483078,0.483078,0.9661559,True,True,False,0.7615171,0.7615171,1.425373,True,2.545889e+00
ss,-40,1.1,0.6,0.9978797,0.9978797,1.99576,True,True,False,0.8212403,0.8212403,1.530144,True,2.459947e+00
sf,27,1.0,0.6,0.9390293,0.9390293,1.878059,True,True,False,0.7457036,0.7457036,1.430333,True,2.456411e+00
fs,-40,1.1,0.7,1.194503,1.194503,2.388881,True,True,True,0.8397009,0.8397009,1.542104,True,2.532552e+00
fs,27,1.1,0.7,1.230925,1.230925,2.461848,True,True,True,0.808494,0.808494,1.488906,True,2.526056e+00
sf,-40,1.1,0.7,1.013805,1.013805,2.027609,True,True,False,0.7845623,0.7845623,1.550001,True,2.483268e+00
fs,-40,0.9,0.7,0.4990059,0.4990059,0.9980117,True,True,False,0.7933637,0.7933637,1.480033,True,2.594067e+00
fs,125,0.9,0.7,1.180751,1.180751,2.361495,True,True,True,0.7632574,0.7632574,1.367018,True,2.534355e+00
ss,125,0.9,0.7,1.0022,1.0022,2.004396,True,True,False,0.7428741,0.7428741,1.392029,True,2.489157e+00
fs,27,0.9,0.7,0.9719477,0.9719477,1.943895,True,True,False,0.7924447,0.7924447,1.436508,True,2.570374e+00
tt,-40,0.9,0.7,0.2189989,0.2189989,0.4379977,True,True,False,0.7378738,0.7378738,1.483484,True,2.578781e+00
fs,27,1.0,0.7,1.175303,1.175303,2.350605,True,True,True,0.8052501,0.8052501,1.466873,True,2.544259e+00
tt,-40,1.0,0.7,0.7738684,0.7738684,1.547737,True,True,False,0.7902247,0.7902247,1.518695,True,2.534080e+00
ss,125,1.1,0.7,1.240173,1.240173,2.480338,True,True,True,0.7603875,0.7603875,1.438937,True,2.455558e+00
ss,125,1.0,0.7,1.186026,1.186026,2.372045,True,True,True,0.7566209,0.7566209,1.420028,True,2.468807e+00
tt,-40,1.1,0.7,1.158893,1.158893,2.317785,True,True,True,0.8103894,0.8103894,1.54376,True,2.509191e+00
fs,-40,1.0,0.7,1.057974,1.057974,2.115938,True,True,True,0.8324907,0.8324907,1.516459,True,2.556095e+00
sf,27,0.9,0.7,0.423773,0.423773,0.84754,True,True,False,0.704714,0.704714,1.439617,True,2.528634e+00
tt,27,0.9,0.7,0.6994181,0.6994181,1.398836,True,True,False,0.7479448,0.7479448,1.435101,True,2.551483e+00
ff,-40,0.9,0.7,0.483078,0.483078,0.9661559,True,True,False,0.7615171,0.7615171,1.459448,True,2.590015e+00
ff,27,1.0,0.7,1.173161,1.173161,2.346316,True,True,True,0.7664344,0.7664344,1.441364,True,2.535660e+00
ss,27,1.1,0.7,1.183128,1.183128,2.366249,True,True,True,0.7981649,0.7981649,1.514887,True,2.484200e+00
tt,125,0.9,0.7,1.141314,1.141314,2.282625,True,True,True,0.7339711,0.7339711,1.365965,True,2.511086e+00
ss,-40,1.0,0.7,0.4236767,0.4236767,0.8473517,True,True,False,0.778928,0.778928,1.553268,True,2.516430e+00
ff,-40,1.0,0.7,1.055924,1.055924,2.111848,True,True,True,0.7945246,0.7945246,1.49645,True,2.549160e+00
tt,125,1.0,0.7,1.217627,1.217627,2.435232,True,True,True,0.7391138,0.7391138,1.390503,True,2.491437e+00
ss,-40,1.1,0.7,0.9978797,0.9978797,1.99576,True,True,False,0.8212403,0.8212403,1.569879,True,2.492351e+00
sf,27,1.1,0.7,1.185882,1.185882,2.371764,True,True,True,0.7590522,0.7590522,1.489325,True,2.473384e+00
ff,-40,1.1,0.7,1.187289,1.187289,2.374579,True,True,True,0.8000122,0.8000122,1.523812,True,2.522582e+00
tt,125,1.1,0.7,1.261088,1.261088,2.522138,True,True,True,0.7419397,0.7419397,1.409017,True,2.477239e+00
ff,125,1.1,0.7,1.278785,1.278785,2.557555,True,True,True,0.7301406,0.7301406,1.384852,True,2.496973e+00
sf,27,1.0,0.7,0.9390293,0.9390293,1.878059,True,True,False,0.7457036,0.7457036,1.468349,True,2.493239e+00
ff,27,0.9,0.7,0.9754317,0.9754317,1.950862,True,True,False,0.7558161,0.7558161,1.411144,True,2.565485e+00
sf,-40,0.9,0.7,0.07093729,0.07093729,0.1418746,True,True,False,0.6870868,0.6870868,4.469203e-11,False,-
ff,125,1.0,0.7,1.237887,1.237887,2.47576,True,True,True,0.7276061,0.7276061,1.365411,True,2.512638e+00
ss,-40,0.9,0.7,0.07554612,0.07554612,0.1510923,True,True,False,0.7120383,0.7120383,1.149203e-11,False,-
tt,27,1.1,0.7,1.213492,1.213492,2.426984,True,True,True,0.7805992,0.7805992,1.48616,True,2.501617e+00
sf,125,0.9,0.7,1.021339,1.021339,2.042674,True,True,False,0.705148,0.705148,1.366854,True,2.485539e+00
sf,125,1.0,0.7,1.195465,1.195465,2.390921,True,True,True,0.7169963,0.7169963,1.392012,True,2.463920e+00
ff,125,0.9,0.7,1.184703,1.184703,2.369395,True,True,True,0.7242147,0.7242147,1.341243,True,2.532849e+00
ss,27,1.0,0.7,0.9206433,0.9206433,1.841287,True,True,False,0.7817361,0.7817361,1.493197,True,2.502447e+00
fs,125,1.0,0.7,1.232606,1.232606,2.465205,True,True,True,0.766933,0.766933,1.391924,True,2.517320e+00
ff,27,1.1,0.7,1.229495,1.229495,2.458985,True,True,True,0.7692108,0.7692108,1.464192,True,2.514628e+00
sf,-40,1.0,0.7,0.4279576,0.4279576,0.8559149,True,True,False,0.7487928,0.7487928,1.533429,True,2.508555e+00
tt,27,1.0,0.7,1.122495,1.122495,2.244987,True,True,True,0.7756851,0.7756851,1.464638,True,2.521072e+00
sf,125,1.1,0.7,1.24632,1.24632,2.492636,True,True,True,0.7202081,0.7202081,1.409844,True,2.449271e+00
fs,125,1.1,0.7,1.272692,1.272692,2.545378,True,True,True,0.7697053,0.7697053,1.411527,True,2.504375e+00
ss,27,0.9,0.7,0.4147718,0.4147718,0.8295435,True,True,False,0.7361453,0.7361453,1.461325,True,2.537235e+00
ss,-40,1.0,0.9,0.4236767,0.4236767,0.8473517,True,True,False,0.778928,0.778928,1.621098,True,2.585714e+00
ss,125,0.9,0.9,1.0022,1.0022,2.004396,True,True,False,0.7428741,0.7428741,1.435794,True,2.556857e+00
ff,125,1.0,0.9,1.237887,1.237887,2.47576,True,True,True,0.7276061,0.7276061,1.424834,True,2.581463e+00
fs,125,0.9,0.9,1.180751,1.180751,2.361495,True,True,True,0.7632574,0.7632574,1.410171,True,2.599422e+00
ff,27,0.9,0.9,0.9754317,0.9754317,1.950862,True,True,False,0.7558161,0.7558161,1.466329,True,2.645199e+00
ss,27,1.0,0.9,0.9206433,0.9206433,1.841287,True,True,False,0.7817361,0.7817361,1.55708,True,2.566020e+00
ss,-40,1.1,0.9,0.9978797,0.9978797,1.99576,True,True,False,0.8212403,0.8212403,1.64662,True,2.556184e+00
fs,27,0.9,0.9,0.9719477,0.9719477,1.943895,True,True,False,0.7924447,0.7924447,1.482575,True,2.637850e+00
ff,27,1.0,0.9,1.173161,1.173161,2.346316,True,True,True,0.7664344,0.7664344,1.510534,True,2.607109e+00
ss,125,1.1,0.9,1.240173,1.240173,2.480338,True,True,True,0.7603875,0.7603875,1.496052,True,2.516964e+00
ff,125,1.1,0.9,1.278785,1.278785,2.557555,True,True,True,0.7301406,0.7301406,1.448753,True,2.564448e+00
ss,27,1.1,0.9,1.183128,1.183128,2.366249,True,True,True,0.7981649,0.7981649,1.583838,True,2.545104e+00
fs,125,1.0,0.9,1.232606,1.232606,2.465205,True,True,True,0.766933,0.766933,1.44253,True,2.580921e+00
ff,125,0.9,0.9,1.184703,1.184703,2.369395,True,True,True,0.7242147,0.7242147,1.392797,True,2.604693e+00
ff,-40,0.9,0.9,0.483078,0.483078,0.9661559,True,True,False,0.7615171,0.7615171,1.512286,True,2.681911e+00
ss,-40,0.9,0.9,0.07554612,0.07554612,0.1510923,True,True,False,0.7120383,0.7120383,1.275302e-11,False,-
fs,125,1.1,0.9,1.272692,1.272692,2.545378,True,True,True,0.7697053,0.7697053,1.466265,True,2.567103e+00
ss,125,1.0,0.9,1.186026,1.186026,2.372045,True,True,True,0.7566209,0.7566209,1.473286,True,2.531775e+00
ff,-40,1.0,0.9,1.055924,1.055924,2.111848,True,True,True,0.7945246,0.7945246,1.569798,True,2.627024e+00
fs,27,1.1,0.9,1.230925,1.230925,2.461848,True,True,True,0.808494,0.808494,1.554656,True,2.586121e+00
ss,27,0.9,0.9,0.4147718,0.4147718,0.8295435,True,True,False,0.7361453,0.7361453,1.506936,True,2.611494e+00
ff,-40,1.1,0.9,1.187289,1.187289,2.374579,True,True,True,0.8000122,0.8000122,1.603462,True,2.597782e+00
ff,27,1.1,0.9,1.229495,1.229495,2.458985,True,True,True,0.7692108,0.7692108,1.538916,True,2.583606e+00
fs,27,1.0,0.9,1.175303,1.175303,2.350605,True,True,True,0.8052501,0.8052501,1.527125,True,2.605799e+00
tt,125,1.0,0.9,1.217627,1.217627,2.435232,True,True,True,0.7391138,0.7391138,1.446462,True,2.556616e+00
tt,-40,1.0,0.9,0.7738689,0.7738689,1.547736,True,True,False,0.7902247,0.7902247,1.589466,True,2.606378e+00
sf,-40,1.1,0.9,1.013805,1.013805,2.027609,True,True,False,0.7845623,0.7845623,1.632483,True,2.555949e+00
sf,125,0.9,0.9,1.021339,1.021339,2.042674,True,True,False,0.705148,0.705148,1.41967,True,2.559953e+00
tt,27,1.1,0.9,1.213492,1.213492,2.426984,True,True,True,0.7805992,0.7805992,1.557137,True,2.566105e+00
fs,-40,1.1,0.9,1.194503,1.194503,2.388881,True,True,True,0.8397009,0.8397009,1.615346,True,2.596265e+00
fs,-40,0.9,0.9,0.4990393,0.4990393,0.9978536,True,True,False,0.7933683,0.7933683,1.525676,True,2.669661e+00
tt,-40,1.1,0.9,1.158893,1.158893,2.317785,True,True,True,0.8103894,0.8103894,1.621216,True,2.577866e+00
sf,27,1.0,0.9,0.9390293,0.9390293,1.878059,True,True,False,0.7457036,0.7457036,1.540384,True,2.565198e+00
tt,-40,0.9,0.9,0.2189989,0.2189989,0.4379977,True,True,False,0.7378738,0.7378738,1.532236,True,2.666873e+00
sf,125,1.0,0.9,1.195465,1.195465,2.390921,True,True,True,0.7169963,0.7169963,1.454338,True,2.531887e+00
sf,27,1.1,0.9,1.185882,1.185882,2.371764,True,True,True,0.7590522,0.7590522,1.566946,True,2.542054e+00
tt,27,1.0,0.9,1.122495,1.122495,2.244987,True,True,True,0.7756851,0.7756851,1.530605,True,2.587473e+00
sf,-40,1.0,0.9,0.4279576,0.4279576,0.8559149,True,True,False,0.7487928,0.7487928,1.606319,True,2.587439e+00
sf,125,1.1,0.9,1.24632,1.24632,2.492636,True,True,True,0.7202081,0.7202081,1.476002,True,2.515509e+00
sf,27,0.9,0.9,0.423773,0.423773,0.84754,True,True,False,0.704714,0.704714,1.493842,True,2.615011e+00
tt,125,0.9,0.9,1.141314,1.141314,2.282625,True,True,True,0.7339711,0.7339711,1.413742,True,2.580214e+00
sf,-40,0.9,0.9,0.07093729,0.07093729,0.1418746,True,True,False,0.6870868,0.6870868,1.719491e-11,False,-
fs,-40,1.0,0.9,1.057974,1.057974,2.115938,True,True,True,0.8324907,0.8324907,1.582885,True,2.621346e+00
tt,125,1.1,0.9,1.261088,1.261088,2.522138,True,True,True,0.7419397,0.7419397,1.469051,True,2.541219e+00
tt,27,0.9,0.9,0.6994181,0.6994181,1.398836,True,True,False,0.7479448,0.7479448,1.484613,True,2.627931e+00
ss,27,0.9,1.0,0.4147718,0.4147718,0.8295435,True,True,False,0.7361453,0.7361453,1.521569,True,2.638239e+00
ff,-40,1.0,1.0,1.055924,1.055924,2.111848,True,True,True,0.7945246,0.7945246,1.598689,True,2.661528e+00
tt,-40,0.9,1.0,0.2189989,0.2189989,0.4379977,True,True,False,0.7378738,0.7378738,1.549592,True,2.697354e+00
ss,-40,0.9,1.0,0.07554612,0.07554612,0.1510923,True,True,False,0.7120383,0.7120383,1.037137e-11,False,-
tt,-40,1.1,1.0,1.158893,1.158893,2.317785,True,True,True,0.8103894,0.8103894,1.653795,True,2.609597e+00
ff,125,1.0,1.0,1.237887,1.237887,2.47576,True,True,True,0.7276061,0.7276061,1.450213,True,2.609395e+00
sf,125,1.1,1.0,1.24632,1.24632,2.492636,True,True,True,0.7202081,0.7202081,1.505308,True,2.543907e+00
tt,125,0.9,1.0,1.141314,1.141314,2.282625,True,True,True,0.7339711,0.7339711,1.431834,True,2.606905e+00
tt,-40,1.0,1.0,0.7738689,0.7738689,1.547736,True,True,False,0.7902247,0.7902247,1.616854,True,2.638389e+00
fs,-40,0.9,1.0,0.4990393,0.4990393,0.9978536,True,True,False,0.7933683,0.7933683,1.539257,True,2.693139e+00
fs,125,0.9,1.0,1.180751,1.180751,2.361495,True,True,True,0.7632574,0.7632574,1.426248,True,2.622750e+00
sf,125,0.9,1.0,1.021339,1.021339,2.042674,True,True,False,0.705148,0.705148,1.440224,True,2.591293e+00
ss,27,1.1,1.0,1.183128,1.183128,2.366249,True,True,True,0.7981649,0.7981649,1.612875,True,2.571168e+00
ss,125,1.0,1.0,1.186026,1.186026,2.372045,True,True,True,0.7566209,0.7566209,1.495558,True,2.555824e+00
ff,125,0.9,1.0,1.184703,1.184703,2.369395,True,True,True,0.7242147,0.7242147,1.412787,True,2.633509e+00
sf,-40,1.0,1.0,0.4279576,0.4279576,0.8559149,True,True,False,0.7487928,0.7487928,1.636078,True,2.626268e+00
ff,-40,0.9,1.0,0.483078,0.483078,0.9661559,True,True,False,0.7615171,0.7615171,1.529833,True,2.716257e+00
fs,125,1.0,1.0,1.232606,1.232606,2.465205,True,True,True,0.766933,0.766933,1.46344,True,2.603704e+00
sf,125,1.0,1.0,1.195465,1.195465,2.390921,True,True,True,0.7169963,0.7169963,1.481119,True,2.560957e+00
sf,27,1.1,1.0,1.185882,1.185882,2.371764,True,True,True,0.7590522,0.7590522,1.600198,True,2.574378e+00
ss,125,1.1,1.0,1.240173,1.240173,2.480338,True,True,True,0.7603875,0.7603875,1.520849,True,2.541542e+00
ss,27,1.0,1.0,0.9206433,0.9206433,1.841287,True,True,False,0.7817361,0.7817361,1.582174,True,2.591948e+00
fs,27,0.9,1.0,0.9719477,0.9719477,1.943895,True,True,False,0.7924447,0.7924447,1.497579,True,2.660588e+00
sf,27,0.9,1.0,0.423773,0.423773,0.84754,True,True,False,0.704714,0.704714,1.512018,True,2.650712e+00
ff,27,0.9,1.0,0.9754317,0.9754317,1.950862,True,True,False,0.7558161,0.7558161,1.485297,True,2.676324e+00
ss,-40,1.0,1.0,0.4236767,0.4236767,0.8473517,True,True,False,0.778928,0.778928,1.646568,True,2.615867e+00
tt,27,1.0,1.0,1.122495,1.122495,2.244987,True,True,True,0.7756851,0.7756851,1.556927,True,2.615204e+00
ff,27,1.0,1.0,1.173161,1.173161,2.346316,True,True,True,0.7664344,0.7664344,1.538851,True,2.637291e+00
sf,-40,0.9,1.0,0.07093729,0.07093729,0.1418746,True,True,False,0.6870868,0.6870868,1.934908e-11,False,-
sf,27,1.0,1.0,0.9390293,0.9390293,1.878059,True,True,False,0.7457036,0.7457036,1.570029,True,2.598362e+00
fs,-40,1.1,1.0,1.194503,1.194503,2.388881,True,True,True,0.8397009,0.8397009,1.645866,True,2.621989e+00
fs,27,1.1,1.0,1.230925,1.230925,2.461848,True,True,True,0.808494,0.808494,1.582071,True,2.609680e+00
fs,125,1.1,1.0,1.272692,1.272692,2.545378,True,True,True,0.7697053,0.7697053,1.489737,True,2.590295e+00
tt,27,0.9,1.0,0.6994181,0.6994181,1.398836,True,True,False,0.7479448,0.7479448,1.502145,True,2.657159e+00
ss,125,0.9,1.0,1.0022,1.0022,2.004396,True,True,False,0.7428741,0.7428741,1.452147,True,2.582266e+00
tt,125,1.0,1.0,1.217627,1.217627,2.435232,True,True,True,0.7391138,0.7391138,1.46999,True,2.582045e+00
ff,-40,1.1,1.0,1.187289,1.187289,2.374579,True,True,True,0.8000122,0.8000122,1.636505,True,2.632291e+00
sf,-40,1.1,1.0,1.013805,1.013805,2.027609,True,True,False,0.7845623,0.7845623,1.667677,True,2.592875e+00
tt,27,1.1,1.0,1.213492,1.213492,2.426984,True,True,True,0.7805992,0.7805992,1.587138,True,2.594258e+00
ff,27,1.1,1.0,1.229495,1.229495,2.458985,True,True,True,0.7692108,0.7692108,1.570862,True,2.614420e+00
tt,125,1.1,1.0,1.261088,1.261088,2.522138,True,True,True,0.7419397,0.7419397,1.4952,True,2.566754e+00
ss,-40,1.1,1.0,0.9978797,0.9978797,1.99576,True,True,False,0.8212403,0.8212403,1.678864,True,2.585544e+00
fs,-40,1.0,1.0,1.057974,1.057974,2.115938,True,True,True,0.8324907,0.8324907,1.607894,True,2.646380e+00
fs,27,1.0,1.0,1.175303,1.175303,2.350605,True,True,True,0.8052501,0.8052501,1.550862,True,2.628343e+00
ff,125,1.1,1.0,1.278785,1.278785,2.557555,True,True,True,0.7301406,0.7301406,1.477018,True,2.592718e+00
fs,125,1.1,1.1,1.272692,1.272692,2.545378,True,True,True,0.7697053,0.7697053,1.508755,True,2.608848e+00
sf,125,1.0,1.1,1.195465,1.195465,2.390921,True,True,True,0.7169963,0.7169963,1.503063,True,2.585289e+00
sf,-40,0.9,1.1,0.07093729,0.07093729,0.1418746,True,True,False,0.6870868,0.6870868,1.658229e-11,False,-
ff,125,0.9,1.1,1.184703,1.184703,2.369395,True,True,True,0.7242147,0.7242147,1.4279,True,2.655479e+00
ff,-40,1.1,1.1,1.187289,1.187289,2.374579,True,True,True,0.8000122,0.8000122,1.665202,True,2.659399e+00
sf,-40,1.0,1.1,0.4279576,0.4279576,0.8559149,True,True,False,0.7487928,0.7487928,1.660464,True,2.657504e+00
sf,27,0.9,1.1,0.423773,0.423773,0.84754,True,True,False,0.704714,0.704714,1.528104,True,2.675125e+00
ff,27,0.9,1.1,0.9754317,0.9754317,1.950862,True,True,False,0.7558161,0.7558161,1.498185,True,2.697793e+00
ff,27,1.0,1.1,1.173161,1.173161,2.346316,True,True,True,0.7664344,0.7664344,1.56042,True,2.661175e+00
sf,27,1.0,1.1,0.9390293,0.9390293,1.878059,True,True,False,0.7457036,0.7457036,1.593339,True,2.625525e+00
ss,125,0.9,1.1,1.0022,1.0022,2.004396,True,True,False,0.7428741,0.7428741,1.46416,True,2.601401e+00
tt,27,1.1,1.1,1.213492,1.213492,2.426984,True,True,True,0.7805992,0.7805992,1.611249,True,2.616193e+00
ff,-40,0.9,1.1,0.483078,0.483078,0.9661559,True,True,False,0.7615171,0.7615171,1.540725,True,2.735456e+00
sf,-40,1.1,1.1,1.013805,1.013805,2.027609,True,True,False,0.7845623,0.7845623,1.697108,True,2.624100e+00
tt,-40,1.0,1.1,0.7738689,0.7738689,1.547736,True,True,False,0.7902247,0.7902247,1.636642,True,2.660949e+00
ff,-40,1.0,1.1,1.055924,1.055924,2.111848,True,True,True,0.7945246,0.7945246,1.620279,True,2.686049e+00
tt,-40,1.1,1.1,1.158893,1.158893,2.317785,True,True,True,0.8103894,0.8103894,1.680272,True,2.634226e+00
ss,-40,1.1,1.1,0.9978797,0.9978797,1.99576,True,True,False,0.8212403,0.8212403,1.704531,True,2.608483e+00
sf,125,0.9,1.1,1.021339,1.021339,2.042674,True,True,False,0.705148,0.705148,1.455771,True,2.615719e+00
ss,125,1.0,1.1,1.186026,1.186026,2.372045,True,True,True,0.7566209,0.7566209,1.513223,True,2.575041e+00
sf,27,1.1,1.1,1.185882,1.185882,2.371764,True,True,True,0.7590522,0.7590522,1.627829,True,2.602766e+00
ff,27,1.1,1.1,1.229495,1.229495,2.458985,True,True,True,0.7692108,0.7692108,1.597155,True,2.639332e+00
ff,125,1.0,1.1,1.237887,1.237887,2.47576,True,True,True,0.7276061,0.7276061,1.470763,True,2.631269e+00
ss,27,0.9,1.1,0.4147718,0.4147718,0.8295435,True,True,False,0.7361453,0.7361453,1.533107,True,2.655382e+00
ss,-40,0.9,1.1,0.07554612,0.07554612,0.1510923,True,True,False,0.7120383,0.7120383,1.288381e-11,False,-
ff,125,1.1,1.1,1.278785,1.278785,2.557555,True,True,True,0.7301406,0.7301406,1.500703,True,2.614892e+00
tt,125,1.0,1.1,1.217627,1.217627,2.435232,True,True,True,0.7391138,0.7391138,1.488782,True,2.602145e+00
tt,125,1.1,1.1,1.261088,1.261088,2.522138,True,True,True,0.7419397,0.7419397,1.516782,True,2.587958e+00
ss,27,1.1,1.1,1.183128,1.183128,2.366249,True,True,True,0.7981649,0.7981649,1.636059,True,2.591311e+00
fs,27,1.0,1.1,1.175303,1.175303,2.350605,True,True,True,0.8052501,0.8052501,1.568106,True,2.644729e+00
tt,27,1.0,1.1,1.122495,1.122495,2.244987,True,True,True,0.7756851,0.7756851,1.576817,True,2.636652e+00
sf,125,1.1,1.1,1.24632,1.24632,2.492636,True,True,True,0.7202081,0.7202081,1.530003,True,2.568780e+00
fs,125,1.0,1.1,1.232606,1.232606,2.465205,True,True,True,0.766933,0.766933,1.479807,True,2.621053e+00
tt,125,0.9,1.1,1.141314,1.141314,2.282625,True,True,True,0.7339711,0.7339711,1.44517,True,2.626588e+00
fs,-40,0.9,1.1,0.4990393,0.4990393,0.9978536,True,True,False,0.7933683,0.7933683,1.545803,True,2.704569e+00
fs,125,0.9,1.1,1.180751,1.180751,2.361495,True,True,True,0.7632574,0.7632574,1.437833,True,2.639694e+00
fs,-40,1.0,1.1,1.057974,1.057974,2.115938,True,True,True,0.8324907,0.8324907,1.625002,True,2.663039e+00
tt,27,0.9,1.1,0.6994181,0.6994181,1.398836,True,True,False,0.7479448,0.7479448,1.51403,True,2.676073e+00
fs,27,1.1,1.1,1.230925,1.230925,2.461848,True,True,True,0.808494,0.808494,1.603483,True,2.627469e+00
ss,-40,1.0,1.1,0.4236767,0.4236767,0.8473517,True,True,False,0.778928,0.778928,1.664511,True,2.637658e+00
tt,-40,0.9,1.1,0.2189989,0.2189989,0.4379977,True,True,False,0.7378738,0.7378738,1.557993,True,2.713896e+00
ss,27,1.0,1.1,0.9206433,0.9206433,1.841287,True,True,False,0.7817361,0.7817361,1.601166,True,2.611841e+00
fs,27,0.9,1.1,0.9719477,0.9719477,1.943895,True,True,False,0.7924447,0.7924447,1.507017,True,2.675404e+00
fs,-40,1.1,1.1,1.194503,1.194503,2.388881,True,True,True,0.8397009,0.8397009,1.669569,True,2.640971e+00
ss,125,1.1,1.1,1.240173,1.240173,2.480338,True,True,True,0.7603875,0.7603875,1.541145,True,2.560715e+00
sf,27,1.1,1.2,1.185882,1.185882,2.371764,True,True,True,0.7590522,0.7590522,1.648749,True,2.622921e+00
fs,-40,1.0,1.2,1.057974,1.057974,2.115938,True,True,True,0.8324907,0.8324907,1.634215,True,2.671525e+00
tt,-40,1.0,1.2,0.7738689,0.7738689,1.547736,True,True,False,0.7902247,0.7902247,1.648449,True,2.673680e+00
fs,27,1.1,1.2,1.230925,1.230925,2.461848,True,True,True,0.808494,0.808494,1.618203,True,2.638629e+00
ss,-40,0.9,1.2,0.07554612,0.07554612,0.1510923,True,True,False,0.7120383,0.7120383,1.392841e-11,False,-
ff,-40,1.1,1.2,1.187289,1.187289,2.374579,True,True,True,0.8000122,0.8000122,1.68492,True,2.677148e+00
tt,27,1.0,1.2,1.122495,1.122495,2.244987,True,True,True,0.7756851,0.7756851,1.58992,True,2.650053e+00
tt,27,0.9,1.2,0.6994181,0.6994181,1.398836,True,True,False,0.7479448,0.7479448,1.521039,True,2.686170e+00
sf,-40,1.1,1.2,1.013805,1.013805,2.027609,True,True,False,0.7845623,0.7845623,1.719574,True,2.646427e+00
fs,27,1.0,1.2,1.175303,1.175303,2.350605,True,True,True,0.8052501,0.8052501,1.57895,True,2.654236e+00
tt,27,1.1,1.2,1.213492,1.213492,2.426984,True,True,True,0.7805992,0.7805992,1.628109,True,2.631287e+00
sf,27,1.0,1.2,0.9390293,0.9390293,1.878059,True,True,False,0.7457036,0.7457036,1.609611,True,2.644665e+00
fs,-40,1.1,1.2,1.194503,1.194503,2.388881,True,True,True,0.8397009,0.8397009,1.684207,True,2.651644e+00
ff,27,1.0,1.2,1.173161,1.173161,2.346316,True,True,True,0.7664344,0.7664344,1.575142,True,2.675322e+00
tt,125,0.9,1.2,1.141314,1.141314,2.282625,True,True,True,0.7339711,0.7339711,1.454203,True,2.640029e+00
ss,-40,1.0,1.2,0.4236767,0.4236767,0.8473517,True,True,False,0.778928,0.778928,1.675826,True,2.649555e+00
ff,27,0.9,1.2,0.9754317,0.9754317,1.950862,True,True,False,0.7558161,0.7558161,1.505745,True,2.709699e+00
ss,125,0.9,1.2,1.0022,1.0022,2.004396,True,True,False,0.7428741,0.7428741,1.472237,True,2.613841e+00
fs,27,0.9,1.2,0.9719477,0.9719477,1.943895,True,True,False,0.7924447,0.7924447,1.512185,True,2.683304e+00
ss,125,1.1,1.2,1.240173,1.240173,2.480338,True,True,True,0.7603875,0.7603875,1.556393,True,2.575188e+00
ff,27,1.1,1.2,1.229495,1.229495,2.458985,True,True,True,0.7692108,0.7692108,1.616271,True,2.656500e+00
ff,-40,1.0,1.2,1.055924,1.055924,2.111848,True,True,True,0.7945246,0.7945246,1.633483,True,2.700434e+00
sf,27,0.9,1.2,0.423773,0.423773,0.84754,True,True,False,0.704714,0.704714,1.536614,True,2.689481e+00
ss,27,0.9,1.2,0.4147718,0.4147718,0.8295435,True,True,False,0.7361453,0.7361453,1.539577,True,2.664317e+00
ff,125,1.0,1.2,1.237887,1.237887,2.47576,True,True,True,0.7276061,0.7276061,1.485937,True,2.647457e+00
sf,125,1.0,1.2,1.195465,1.195465,2.390921,True,True,True,0.7169963,0.7169963,1.519543,True,2.603554e+00
fs,125,1.1,1.2,1.272692,1.272692,2.545378,True,True,True,0.7697053,0.7697053,1.522818,True,2.620939e+00
sf,-40,0.9,1.2,0.07093729,0.07093729,0.1418746,True,True,False,0.6870868,0.6870868,7.969092e-11,False,-
tt,125,1.1,1.2,1.261088,1.261088,2.522138,True,True,True,0.7419397,0.7419397,1.53316,True,2.603289e+00
fs,125,1.0,1.2,1.232606,1.232606,2.465205,True,True,True,0.766933,0.766933,1.491396,True,2.632703e+00
ss,125,1.0,1.2,1.186026,1.186026,2.372045,True,True,True,0.7566209,0.7566209,1.526001,True,2.588608e+00
sf,125,1.1,1.2,1.24632,1.24632,2.492636,True,True,True,0.7202081,0.7202081,1.549272,True,2.587898e+00
sf,125,0.9,1.2,1.021339,1.021339,2.042674,True,True,False,0.705148,0.705148,1.466579,True,2.632902e+00
ff,125,1.1,1.2,1.278785,1.278785,2.557555,True,True,True,0.7301406,0.7301406,1.519027,True,2.632572e+00
ff,-40,0.9,1.2,0.483078,0.483078,0.9661559,True,True,False,0.7615171,0.7615171,1.546518,True,2.743620e+00
ff,125,0.9,1.2,1.184703,1.184703,2.369395,True,True,True,0.7242147,0.7242147,1.438174,True,2.670359e+00
tt,-40,0.9,1.2,0.2189989,0.2189989,0.4379977,True,True,False,0.7378738,0.7378738,1.564364,True,2.720663e+00
sf,-40,1.0,1.2,0.4279576,0.4279576,0.8559149,True,True,False,0.7487928,0.7487928,1.676364,True,2.676222e+00
tt,125,1.0,1.2,1.217627,1.217627,2.435232,True,True,True,0.7391138,0.7391138,1.502492,True,2.616439e+00
ss,-40,1.1,1.2,0.9978797,0.9978797,1.99576,True,True,False,0.8212403,0.8212403,1.722112,True,2.623418e+00
ss,27,1.1,1.2,1.183128,1.183128,2.366249,True,True,True,0.7981649,0.7981649,1.652523,True,2.605605e+00
tt,-40,1.1,1.2,1.158893,1.158893,2.317785,True,True,True,0.8103894,0.8103894,1.698077,True,2.649993e+00
fs,125,0.9,1.2,1.180751,1.180751,2.361495,True,True,True,0.7632574,0.7632574,1.445438,True,2.650658e+00
ss,27,1.0,1.2,0.9206433,0.9206433,1.841287,True,True,False,0.7817361,0.7817361,1.613226,True,2.624779e+00
fs,-40,0.9,1.2,0.4990393,0.4990393,0.9978536,True,True,False,0.7933683,0.7933683,1.5493,True,2.709446e+00
ss,-40,1.0,1.3,0.4236767,0.4236767,0.8473517,True,True,False,0.778928,0.778928,1.683787,True,2.654349e+00
ss,125,0.9,1.3,1.0022,1.0022,2.004396,True,True,False,0.7428741,0.7428741,1.477232,True,2.621393e+00
ff,125,1.0,1.3,1.237887,1.237887,2.47576,True,True,True,0.7276061,0.7276061,1.4962,True,2.658175e+00
ss,27,1.1,1.3,1.183128,1.183128,2.366249,True,True,True,0.7981649,0.7981649,1.662506,True,2.613854e+00
tt,125,1.0,1.3,1.217627,1.217627,2.435232,True,True,True,0.7391138,0.7391138,1.51157,True,2.626007e+00
tt,27,0.9,1.3,0.6994181,0.6994181,1.398836,True,True,False,0.7479448,0.7479448,1.524274,True,2.691441e+00
tt,125,0.9,1.3,1.141314,1.141314,2.282625,True,True,True,0.7339711,0.7339711,1.459794,True,2.648161e+00
sf,-40,0.9,1.3,0.07093729,0.07093729,0.1418746,True,True,False,0.6870868,0.6870868,2.429223e-11,False,-
ff,27,1.0,1.3,1.173161,1.173161,2.346316,True,True,True,0.7664344,0.7664344,1.583606,True,2.684244e+00
ff,125,1.1,1.3,1.278785,1.278785,2.557555,True,True,True,0.7301406,0.7301406,1.531768,True,2.644260e+00
tt,27,1.1,1.3,1.213492,1.213492,2.426984,True,True,True,0.7805992,0.7805992,1.639234,True,2.640511e+00
ff,125,0.9,1.3,1.184703,1.184703,2.369395,True,True,True,0.7242147,0.7242147,1.44457,True,2.679133e+00
ss,-40,1.1,1.3,0.9978797,0.9978797,1.99576,True,True,False,0.8212403,0.8212403,1.731549,True,2.630900e+00
ff,27,1.1,1.3,1.229495,1.229495,2.458985,True,True,True,0.7692108,0.7692108,1.628364,True,2.666473e+00
sf,-40,1.1,1.3,1.013805,1.013805,2.027609,True,True,False,0.7845623,0.7845623,1.733478,True,2.658729e+00
tt,-40,1.1,1.3,1.158893,1.158893,2.317785,True,True,True,0.8103894,0.8103894,1.707858,True,2.657619e+00
ss,-40,0.9,1.3,0.07554612,0.07554612,0.1510923,True,True,False,0.7120383,0.7120383,1.385814e-11,False,-
tt,125,1.1,1.3,1.261088,1.261088,2.522138,True,True,True,0.7419397,0.7419397,1.544457,True,2.613313e+00
sf,27,0.9,1.3,0.423773,0.423773,0.84754,True,True,False,0.704714,0.704714,1.542188,True,2.696841e+00
sf,-40,1.0,1.3,0.4279576,0.4279576,0.8559149,True,True,False,0.7487928,0.7487928,1.68557,True,2.684997e+00
tt,-40,0.9,1.3,0.2189989,0.2189989,0.4379977,True,True,False,0.7378738,0.7378738,1.565783,True,2.723394e+00
fs,125,1.0,1.3,1.232606,1.232606,2.465205,True,True,True,0.766933,0.766933,1.498887,True,2.640169e+00
ff,-40,1.0,1.3,1.055924,1.055924,2.111848,True,True,True,0.7945246,0.7945246,1.63961,True,2.706714e+00
tt,-40,1.0,1.3,0.7738689,0.7738689,1.547736,True,True,False,0.7902247,0.7902247,1.654149,True,2.679676e+00
fs,125,0.9,1.3,1.180751,1.180751,2.361495,True,True,True,0.7632574,0.7632574,1.450031,True,2.657171e+00
fs,-40,0.9,1.3,0.4990393,0.4990393,0.9978536,True,True,False,0.7933683,0.7933683,1.55001,True,2.711367e+00
ff,-40,1.1,1.3,1.187289,1.187289,2.374579,True,True,True,0.8000122,0.8000122,1.696068,True,2.686048e+00
ss,27,0.9,1.3,0.4147718,0.4147718,0.8295435,True,True,False,0.7361453,0.7361453,1.542743,True,2.669456e+00
ff,-40,0.9,1.3,0.483078,0.483078,0.9661559,True,True,False,0.7615171,0.7615171,1.549215,True,2.746571e+00
fs,27,1.1,1.3,1.230925,1.230925,2.461848,True,True,True,0.808494,0.808494,1.626665,True,2.644702e+00
sf,125,1.1,1.3,1.24632,1.24632,2.492636,True,True,True,0.7202081,0.7202081,1.563068,True,2.601340e+00
sf,125,0.9,1.3,1.021339,1.021339,2.042674,True,True,False,0.705148,0.705148,1.473646,True,2.643695e+00
sf,27,1.0,1.3,0.9390293,0.9390293,1.878059,True,True,False,0.7457036,0.7457036,1.619582,True,2.655823e+00
fs,-40,1.0,1.3,1.057974,1.057974,2.115938,True,True,True,0.8324907,0.8324907,1.638109,True,2.675144e+00
tt,27,1.0,1.3,1.122495,1.122495,2.244987,True,True,True,0.7756851,0.7756851,1.597375,True,2.657482e+00
fs,125,1.1,1.3,1.272692,1.272692,2.545378,True,True,True,0.7697053,0.7697053,1.532253,True,2.629235e+00
fs,27,0.9,1.3,0.9719477,0.9719477,1.943895,True,True,False,0.7924447,0.7924447,1.514673,True,2.686935e+00
sf,125,1.0,1.3,1.195465,1.195465,2.390921,True,True,True,0.7169963,0.7169963,1.530895,True,2.615984e+00
ff,27,0.9,1.3,0.9754317,0.9754317,1.950862,True,True,False,0.7558161,0.7558161,1.509565,True,2.715538e+00
ss,125,1.0,1.3,1.186026,1.186026,2.372045,True,True,True,0.7566209,0.7566209,1.534411,True,2.597270e+00
ss,27,1.0,1.3,0.9206433,0.9206433,1.841287,True,True,False,0.7817361,0.7817361,1.619948,True,2.631733e+00
ss,125,1.1,1.3,1.240173,1.240173,2.480338,True,True,True,0.7603875,0.7603875,1.566894,True,2.584504e+00
fs,27,1.0,1.3,1.175303,1.175303,2.350605,True,True,True,0.8052501,0.8052501,1.58481,True,2.658991e+00
fs,-40,1.1,1.3,1.194503,1.194503,2.388881,True,True,True,0.8397009,0.8397009,1.691376,True,2.656642e+00
sf,27,1.1,1.3,1.185882,1.185882,2.371764,True,True,True,0.7590522,0.7590522,1.662792,True,2.635884e+00
ff,125,1.0,1.4,1.237887,1.237887,2.47576,True,True,True,0.7276061,0.7276061,1.502495,True,2.663963e+00
tt,27,1.0,1.4,1.122495,1.122495,2.244987,True,True,True,0.7756851,0.7756851,1.601023,True,2.660758e+00
tt,27,1.1,1.4,1.213492,1.213492,2.426984,True,True,True,0.7805992,0.7805992,1.644799,True,2.645082e+00
ss,27,1.1,1.4,1.183128,1.183128,2.366249,True,True,True,0.7981649,0.7981649,1.667792,True,2.618251e+00
tt,125,1.1,1.4,1.261088,1.261088,2.522138,True,True,True,0.7419397,0.7419397,1.551562,True,2.619625e+00
fs,125,1.0,1.4,1.232606,1.232606,2.465205,True,True,True,0.766933,0.766933,1.503362,True,2.644588e+00
sf,27,0.9,1.4,0.423773,0.423773,0.84754,True,True,False,0.704714,0.704714,1.542727,True,2.700273e+00
ss,125,0.9,1.4,1.0022,1.0022,2.004396,True,True,False,0.7428741,0.7428741,1.480134,True,2.625809e+00
ss,27,0.9,1.4,0.4147718,0.4147718,0.8295435,True,True,False,0.7361453,0.7361453,1.545101,True,2.671664e+00
fs,27,0.9,1.4,0.9719477,0.9719477,1.943895,True,True,False,0.7924447,0.7924447,1.515834,True,2.688691e+00
fs,-40,1.1,1.4,1.194503,1.194503,2.388881,True,True,True,0.8397009,0.8397009,1.694278,True,2.659199e+00
tt,125,0.9,1.4,1.141314,1.141314,2.282625,True,True,True,0.7339711,0.7339711,1.463033,True,2.652793e+00
ss,125,1.1,1.4,1.240173,1.240173,2.480338,True,True,True,0.7603875,0.7603875,1.573461,True,2.590788e+00
fs,27,1.0,1.4,1.175303,1.175303,2.350605,True,True,True,0.8052501,0.8052501,1.587587,True,2.662029e+00
ss,-40,0.9,1.4,0.07554612,0.07554612,0.1510923,True,True,False,0.7120383,0.7120383,6.742273e-12,False,-
sf,125,1.1,1.4,1.24632,1.24632,2.492636,True,True,True,0.7202081,0.7202081,1.572065,True,2.610658e+00
fs,-40,1.0,1.4,1.057974,1.057974,2.115938,True,True,True,0.8324907,0.8324907,1.639552,True,2.676189e+00
tt,125,1.0,1.4,1.217627,1.217627,2.435232,True,True,True,0.7391138,0.7391138,1.517013,True,2.631678e+00
fs,-40,0.9,1.4,0.4990393,0.4990393,0.9978536,True,True,False,0.7933683,0.7933683,1.551965,True,2.712432e+00
fs,125,0.9,1.4,1.180751,1.180751,2.361495,True,True,True,0.7632574,0.7632574,1.45263,True,2.660912e+00
fs,125,1.1,1.4,1.272692,1.272692,2.545378,True,True,True,0.7697053,0.7697053,1.538002,True,2.634218e+00
tt,-40,0.9,1.4,0.2189989,0.2189989,0.4379977,True,True,False,0.7378738,0.7378738,1.568398,True,2.724874e+00
ff,125,1.1,1.4,1.278785,1.278785,2.557555,True,True,True,0.7301406,0.7301406,1.539886,True,2.651828e+00
fs,27,1.1,1.4,1.230925,1.230925,2.461848,True,True,True,0.808494,0.808494,1.630941,True,2.648159e+00
sf,-40,0.9,1.4,0.07093729,0.07093729,0.1418746,True,True,False,0.6870868,0.6870868,1.976086e-11,False,-
sf,125,1.0,1.4,1.195465,1.195465,2.390921,True,True,True,0.7169963,0.7169963,1.538032,True,2.623608e+00
tt,-40,1.0,1.4,0.7738689,0.7738689,1.547736,True,True,False,0.7902247,0.7902247,1.6562,True,2.682266e+00
tt,27,0.9,1.4,0.6994181,0.6994181,1.398836,True,True,False,0.7479448,0.7479448,1.526179,True,2.694064e+00
ff,27,0.9,1.4,0.9754317,0.9754317,1.950862,True,True,False,0.7558161,0.7558161,1.511425,True,2.718751e+00
ff,27,1.0,1.4,1.173161,1.173161,2.346316,True,True,True,0.7664344,0.7664344,1.587854,True,2.688010e+00
sf,-40,1.1,1.4,1.013805,1.013805,2.027609,True,True,False,0.7845623,0.7845623,1.740181,True,2.664785e+00
ff,-40,1.1,1.4,1.187289,1.187289,2.374579,True,True,True,0.8000122,0.8000122,1.700961,True,2.689725e+00
sf,27,1.0,1.4,0.9390293,0.9390293,1.878059,True,True,False,0.7457036,0.7457036,1.624781,True,2.661306e+00
ss,-40,1.1,1.4,0.9978797,0.9978797,1.99576,True,True,False,0.8212403,0.8212403,1.735748,True,2.634054e+00
tt,-40,1.1,1.4,1.158893,1.158893,2.317785,True,True,True,0.8103894,0.8103894,1.712117,True,2.661605e+00
ff,-40,1.0,1.4,1.055924,1.055924,2.111848,True,True,True,0.7945246,0.7945246,1.642041,True,2.709465e+00
ff,27,1.1,1.4,1.229495,1.229495,2.458985,True,True,True,0.7692108,0.7692108,1.634886,True,2.672986e+00
sf,27,1.1,1.4,1.185882,1.185882,2.371764,True,True,True,0.7590522,0.7590522,1.670583,True,2.643162e+00
ss,27,1.0,1.4,0.9206433,0.9206433,1.841287,True,True,False,0.7817361,0.7817361,1.623355,True,2.635110e+00
sf,-40,1.0,1.4,0.4279576,0.4279576,0.8559149,True,True,False,0.7487928,0.7487928,1.689344,True,2.688541e+00
ss,-40,1.0,1.4,0.4236767,0.4236767,0.8473517,True,True,False,0.778928,0.778928,1.684726,True,2.656730e+00
ff,-40,0.9,1.4,0.483078,0.483078,0.9661559,True,True,False,0.7615171,0.7615171,1.550078,True,2.748394e+00
ff,125,0.9,1.4,1.184703,1.184703,2.369395,True,True,True,0.7242147,0.7242147,1.448272,True,2.684271e+00
ss,125,1.0,1.4,1.186026,1.186026,2.372045,True,True,True,0.7566209,0.7566209,1.539577,True,2.602900e+00
sf,125,0.9,1.4,1.021339,1.021339,2.042674,True,True,False,0.705148,0.705148,1.477851,True,2.650362e+00
fs,27,1.1,1.5,1.230925,1.230925,2.461848,True,True,True,0.808494,0.808494,1.633008,True,2.649669e+00
sf,-40,1.1,1.5,1.013805,1.013805,2.027609,True,True,False,0.7845623,0.7845623,1.742776,True,2.667063e+00
ff,-40,1.1,1.5,1.187289,1.187289,2.374579,True,True,True,0.8000122,0.8000122,1.702853,True,2.691744e+00
tt,-40,1.0,1.5,0.7738689,0.7738689,1.547736,True,True,False,0.7902247,0.7902247,1.657058,True,2.683289e+00
fs,-40,1.0,1.5,1.057974,1.057974,2.115938,True,True,True,0.8324907,0.8324907,1.640366,True,2.677334e+00
ff,27,1.0,1.5,1.173161,1.173161,2.346316,True,True,True,0.7664344,0.7664344,1.589807,True,2.690683e+00
sf,-40,0.9,1.5,0.07093729,0.07093729,0.1418746,True,True,False,0.6870868,0.6870868,1.880285e-11,False,-
ss,-40,0.9,1.5,0.07554612,0.07554612,0.1510923,True,True,False,0.7120383,0.7120383,1.558387e-11,False,-
fs,27,1.0,1.5,1.175303,1.175303,2.350605,True,True,True,0.8052501,0.8052501,1.588949,True,2.663310e+00
ff,-40,0.9,1.5,0.483078,0.483078,0.9661559,True,True,False,0.7615171,0.7615171,1.55033,True,2.748805e+00
sf,27,0.9,1.5,0.423773,0.423773,0.84754,True,True,False,0.704714,0.704714,1.546667,True,2.701977e+00
ss,-40,1.1,1.5,0.9978797,0.9978797,1.99576,True,True,False,0.8212403,0.8212403,1.73738,True,2.635371e+00
tt,125,0.9,1.5,1.141314,1.141314,2.282625,True,True,True,0.7339711,0.7339711,1.464832,True,2.655444e+00
tt,27,1.1,1.5,1.213492,1.213492,2.426984,True,True,True,0.7805992,0.7805992,1.647468,True,2.647551e+00
ff,27,0.9,1.5,0.9754317,0.9754317,1.950862,True,True,False,0.7558161,0.7558161,1.51223,True,2.720305e+00
ss,125,1.1,1.5,1.240173,1.240173,2.480338,True,True,True,0.7603875,0.7603875,1.577332,True,2.593669e+00
fs,27,0.9,1.5,0.9719477,0.9719477,1.943895,True,True,False,0.7924447,0.7924447,1.516401,True,2.690098e+00
tt,27,1.0,1.5,1.122495,1.122495,2.244987,True,True,True,0.7756851,0.7756851,1.602731,True,2.662690e+00
ss,125,0.9,1.5,1.0022,1.0022,2.004396,True,True,False,0.7428741,0.7428741,1.481752,True,2.628274e+00
fs,-40,1.1,1.5,1.194503,1.194503,2.388881,True,True,True,0.8397009,0.8397009,1.695456,True,2.659879e+00
fs,-40,0.9,1.5,0.4990393,0.4990393,0.9978536,True,True,False,0.7933683,0.7933683,1.552244,True,2.713018e+00
ss,27,1.0,1.5,0.9206433,0.9206433,1.841287,True,True,False,0.7817361,0.7817361,1.625166,True,2.636908e+00
fs,125,1.1,1.5,1.272692,1.272692,2.545378,True,True,True,0.7697053,0.7697053,1.541333,True,2.637052e+00
ss,-40,1.0,1.5,0.4236767,0.4236767,0.8473517,True,True,False,0.778928,0.778928,1.685185,True,2.657872e+00
ff,125,1.0,1.5,1.237887,1.237887,2.47576,True,True,True,0.7276061,0.7276061,1.506103,True,2.668221e+00
ss,27,1.1,1.5,1.183128,1.183128,2.366249,True,True,True,0.7981649,0.7981649,1.670343,True,2.620673e+00
fs,125,1.0,1.5,1.232606,1.232606,2.465205,True,True,True,0.766933,0.766933,1.505906,True,2.646821e+00
tt,27,0.9,1.5,0.6994181,0.6994181,1.398836,True,True,False,0.7479448,0.7479448,1.526569,True,2.695360e+00
tt,125,1.1,1.5,1.261088,1.261088,2.522138,True,True,True,0.7419397,0.7419397,1.55572,True,2.623259e+00
sf,-40,1.0,1.5,0.4279576,0.4279576,0.8559149,True,True,False,0.7487928,0.7487928,1.691364,True,2.690136e+00
tt,-40,0.9,1.5,0.2189989,0.2189989,0.4379977,True,True,False,0.7378738,0.7378738,1.566657,True,2.725736e+00
sf,27,1.1,1.5,1.185882,1.185882,2.371764,True,True,True,0.7590522,0.7590522,1.674459,True,2.646692e+00
tt,125,1.0,1.5,1.217627,1.217627,2.435232,True,True,True,0.7391138,0.7391138,1.520255,True,2.634841e+00
ff,27,1.1,1.5,1.229495,1.229495,2.458985,True,True,True,0.7692108,0.7692108,1.638039,True,2.675106e+00
tt,-40,1.1,1.5,1.158893,1.158893,2.317785,True,True,True,0.8103894,0.8103894,1.713689,True,2.662993e+00
sf,125,1.0,1.5,1.195465,1.195465,2.390921,True,True,True,0.7169963,0.7169963,1.542219,True,2.628125e+00
ss,27,0.9,1.5,0.4147718,0.4147718,0.8295435,True,True,False,0.7361453,0.7361453,1.545857,True,2.672856e+00
sf,125,0.9,1.5,1.021339,1.021339,2.042674,True,True,False,0.705148,0.705148,1.480218,True,2.653291e+00
ff,-40,1.0,1.5,1.055924,1.055924,2.111848,True,True,True,0.7945246,0.7945246,1.642916,True,2.710624e+00
ff,125,1.1,1.5,1.278785,1.278785,2.557555,True,True,True,0.7301406,0.7301406,1.544763,True,2.656090e+00
fs,125,0.9,1.5,1.180751,1.180751,2.361495,True,True,True,0.7632574,0.7632574,1.454062,True,2.662599e+00
ss,125,1.0,1.5,1.186026,1.186026,2.372045,True,True,True,0.7566209,0.7566209,1.542522,True,2.605668e+00
sf,27,1.0,1.5,0.9390293,0.9390293,1.878059,True,True,False,0.7457036,0.7457036,1.62716,True,2.664129e+00
ff,125,0.9,1.5,1.184703,1.184703,2.369395,True,True,True,0.7242147,0.7242147,1.450318,True,2.687492e+00
sf,125,1.1,1.5,1.24632,1.24632,2.492636,True,True,True,0.7202081,0.7202081,1.577465,True,2.615444e+00
ss,-40,1.1,1.6,0.9978797,0.9978797,1.99576,True,True,False,0.8212403,0.8212403,1.738124,True,2.636272e+00
ss,-40,1.0,1.6,0.4236767,0.4236767,0.8473517,True,True,False,0.778928,0.778928,1.686275,True,2.658653e+00
ss,27,0.9,1.6,0.4147718,0.4147718,0.8295435,True,True,False,0.7361453,0.7361453,1.546339,True,2.673176e+00
tt,27,1.0,1.6,1.122495,1.122495,2.244987,True,True,True,0.7756851,0.7756851,1.603632,True,2.663684e+00
tt,27,1.1,1.6,1.213492,1.213492,2.426984,True,True,True,0.7805992,0.7805992,1.648777,True,2.648178e+00
ss,27,1.0,1.6,0.9206433,0.9206433,1.841287,True,True,False,0.7817361,0.7817361,1.625871,True,2.637890e+00
ff,27,0.9,1.6,0.9754317,0.9754317,1.950862,True,True,False,0.7558161,0.7558161,1.512656,True,2.720961e+00
sf,27,1.0,1.6,0.9390293,0.9390293,1.878059,True,True,False,0.7457036,0.7457036,1.628399,True,2.665117e+00
ff,-40,1.0,1.6,1.055924,1.055924,2.111848,True,True,True,0.7945246,0.7945246,1.643459,True,2.711261e+00
sf,27,1.1,1.6,1.185882,1.185882,2.371764,True,True,True,0.7590522,0.7590522,1.676305,True,2.648144e+00
ff,-40,0.9,1.6,0.483078,0.483078,0.9661559,True,True,False,0.7615171,0.7615171,1.550644,True,2.749176e+00
sf,125,0.9,1.6,1.021339,1.021339,2.042674,True,True,False,0.705148,0.705148,1.481511,True,2.655171e+00
fs,125,1.1,1.6,1.272692,1.272692,2.545378,True,True,True,0.7697053,0.7697053,1.543214,True,2.638797e+00
sf,125,1.0,1.6,1.195465,1.195465,2.390921,True,True,True,0.7169963,0.7169963,1.544557,True,2.630617e+00
ss,125,1.0,1.6,1.186026,1.186026,2.372045,True,True,True,0.7566209,0.7566209,1.544127,True,2.607020e+00
fs,125,1.0,1.6,1.232606,1.232606,2.465205,True,True,True,0.766933,0.766933,1.507327,True,2.648277e+00
tt,125,0.9,1.6,1.141314,1.141314,2.282625,True,True,True,0.7339711,0.7339711,1.46582,True,2.656982e+00
sf,125,1.1,1.6,1.24632,1.24632,2.492636,True,True,True,0.7202081,0.7202081,1.580514,True,2.618378e+00
fs,125,0.9,1.6,1.180751,1.180751,2.361495,True,True,True,0.7632574,0.7632574,1.454875,True,2.663975e+00
fs,-40,0.9,1.6,0.4990393,0.4990393,0.9978536,True,True,False,0.7933683,0.7933683,1.551023,True,2.713731e+00
fs,27,1.1,1.6,1.230925,1.230925,2.461848,True,True,True,0.808494,0.808494,1.634061,True,2.650940e+00
fs,-40,1.0,1.6,1.057974,1.057974,2.115938,True,True,True,0.8324907,0.8324907,1.640702,True,2.677614e+00
fs,27,1.0,1.6,1.175303,1.175303,2.350605,True,True,True,0.8052501,0.8052501,1.589648,True,2.664541e+00
ss,125,1.1,1.6,1.240173,1.240173,2.480338,True,True,True,0.7603875,0.7603875,1.579507,True,2.596407e+00
fs,27,0.9,1.6,0.9719477,0.9719477,1.943895,True,True,False,0.7924447,0.7924447,1.516723,True,2.690725e+00
fs,-40,1.1,1.6,1.194503,1.194503,2.388881,True,True,True,0.8397009,0.8397009,1.696049,True,2.660702e+00
tt,-40,0.9,1.6,0.2189989,0.2189989,0.4379977,True,True,False,0.7378738,0.7378738,1.567962,True,2.726087e+00
ff,-40,1.1,1.6,1.187289,1.187289,2.374579,True,True,True,0.8000122,0.8000122,1.703664,True,2.692127e+00
tt,27,0.9,1.6,0.6994181,0.6994181,1.398836,True,True,False,0.7479448,0.7479448,1.527261,True,2.696010e+00
tt,125,1.0,1.6,1.217627,1.217627,2.435232,True,True,True,0.7391138,0.7391138,1.522023,True,2.636654e+00
tt,-40,1.1,1.6,1.158893,1.158893,2.317785,True,True,True,0.8103894,0.8103894,1.714426,True,2.663229e+00
ss,27,1.1,1.6,1.183128,1.183128,2.366249,True,True,True,0.7981649,0.7981649,1.671606,True,2.621669e+00
ff,125,1.0,1.6,1.237887,1.237887,2.47576,True,True,True,0.7276061,0.7276061,1.5081,True,2.670254e+00
sf,-40,0.9,1.6,0.07093729,0.07093729,0.1418746,True,True,False,0.6870868,0.6870868,5.555278e-11,False,-
tt,-40,1.0,1.6,0.7738689,0.7738689,1.547736,True,True,False,0.7902247,0.7902247,1.657359,True,2.683711e+00
ff,125,0.9,1.6,1.184703,1.184703,2.369395,True,True,True,0.7242147,0.7242147,1.451426,True,2.688811e+00
tt,125,1.1,1.6,1.261088,1.261088,2.522138,True,True,True,0.7419397,0.7419397,1.558054,True,2.625300e+00
ff,125,1.1,1.6,1.278785,1.278785,2.557555,True,True,True,0.7301406,0.7301406,1.547478,True,2.658247e+00
ff,27,1.1,1.6,1.229495,1.229495,2.458985,True,True,True,0.7692108,0.7692108,1.639548,True,2.675858e+00
ss,-40,0.9,1.6,0.07554612,0.07554612,0.1510923,True,True,False,0.7120383,0.7120383,1.509637e-11,False,-
ff,27,1.0,1.6,1.173161,1.173161,2.346316,True,True,True,0.7664344,0.7664344,1.590808,True,2.691547e+00
sf,-40,1.1,1.6,1.013805,1.013805,2.027609,True,True,False,0.7845623,0.7845623,1.743869,True,2.668321e+00
sf,27,0.9,1.6,0.423773,0.423773,0.84754,True,True,False,0.704714,0.704714,1.544001,True,2.702875e+00
ss,125,0.9,1.6,1.0022,1.0022,2.004396,True,True,False,0.7428741,0.7428741,1.482636,True,2.629707e+00
sf,-40,1.0,1.6,0.4279576,0.4279576,0.8559149,True,True,False,0.7487928,0.7487928,1.691084,True,2.691166e+00
ss,125,1.1,1.7,1.240173,1.240173,2.480338,True,True,True,0.7603875,0.7603875,1.580743,True,2.597243e+00
ss,125,0.9,1.7,1.0022,1.0022,2.004396,True,True,False,0.7428741,0.7428741,1.483137,True,2.630556e+00
ss,27,1.1,1.7,1.183128,1.183128,2.366249,True,True,True,0.7981649,0.7981649,1.672283,True,2.622346e+00
tt,-40,0.9,1.7,0.2189989,0.2189989,0.4379977,True,True,False,0.7378738,0.7378738,1.56928,True,2.726714e+00
ss,125,1.0,1.7,1.186026,1.186026,2.372045,True,True,True,0.7566209,0.7566209,1.545042,True,2.608625e+00
tt,-40,1.0,1.7,0.7738689,0.7738689,1.547736,True,True,False,0.7902247,0.7902247,1.657819,True,2.684506e+00
ss,27,1.0,1.7,0.9206433,0.9206433,1.841287,True,True,False,0.7817361,0.7817361,1.626299,True,2.638323e+00
tt,-40,1.1,1.7,1.158893,1.158893,2.317785,True,True,True,0.8103894,0.8103894,1.714913,True,2.663852e+00
fs,-40,1.1,1.7,1.194503,1.194503,2.388881,True,True,True,0.8397009,0.8397009,1.696431,True,2.660782e+00
sf,125,1.1,1.7,1.24632,1.24632,2.492636,True,True,True,0.7202081,0.7202081,1.582203,True,2.620037e+00
ff,-40,1.0,1.7,1.055924,1.055924,2.111848,True,True,True,0.7945246,0.7945246,1.643728,True,2.711753e+00
fs,125,1.0,1.7,1.232606,1.232606,2.465205,True,True,True,0.766933,0.766933,1.508127,True,2.648967e+00
ff,125,0.9,1.7,1.184703,1.184703,2.369395,True,True,True,0.7242147,0.7242147,1.452035,True,2.690251e+00
sf,-40,0.9,1.7,0.07093729,0.07093729,0.1418746,True,True,False,0.6870868,0.6870868,1.152878e-10,False,-
ff,27,1.1,1.7,1.229495,1.229495,2.458985,True,True,True,0.7692108,0.7692108,1.640346,True,2.677180e+00
sf,-40,1.0,1.7,0.4279576,0.4279576,0.8559149,True,True,False,0.7487928,0.7487928,1.691916,True,2.691576e+00
sf,125,1.0,1.7,1.195465,1.195465,2.390921,True,True,True,0.7169963,0.7169963,1.545848,True,2.632060e+00
fs,125,1.1,1.7,1.272692,1.272692,2.545378,True,True,True,0.7697053,0.7697053,1.544274,True,2.639767e+00
ff,27,1.0,1.7,1.173161,1.173161,2.346316,True,True,True,0.7664344,0.7664344,1.591279,True,2.692072e+00
sf,-40,1.1,1.7,1.013805,1.013805,2.027609,True,True,False,0.7845623,0.7845623,1.744385,True,2.668410e+00
tt,27,0.9,1.7,0.6994181,0.6994181,1.398836,True,True,False,0.7479448,0.7479448,1.52668,True,2.696701e+00
ff,27,0.9,1.7,0.9754317,0.9754317,1.950862,True,True,False,0.7558161,0.7558161,1.512891,True,2.721068e+00
sf,27,0.9,1.7,0.423773,0.423773,0.84754,True,True,False,0.704714,0.704714,1.547494,True,2.703456e+00
sf,125,0.9,1.7,1.021339,1.021339,2.042674,True,True,False,0.705148,0.705148,1.482216,True,2.656881e+00
ff,-40,0.9,1.7,0.483078,0.483078,0.9661559,True,True,False,0.7615171,0.7615171,1.550067,True,2.750326e+00
ff,-40,1.1,1.7,1.187289,1.187289,2.374579,True,True,True,0.8000122,0.8000122,1.704104,True,2.692613e+00
sf,27,1.0,1.7,0.9390293,0.9390293,1.878059,True,True,False,0.7457036,0.7457036,1.629155,True,2.666304e+00
ff,125,1.0,1.7,1.237887,1.237887,2.47576,True,True,True,0.7276061,0.7276061,1.509199,True,2.671216e+00
tt,125,1.1,1.7,1.261088,1.261088,2.522138,True,True,True,0.7419397,0.7419397,1.559351,True,2.626550e+00
sf,27,1.1,1.7,1.185882,1.185882,2.371764,True,True,True,0.7590522,0.7590522,1.677212,True,2.649179e+00
fs,125,0.9,1.7,1.180751,1.180751,2.361495,True,True,True,0.7632574,0.7632574,1.455324,True,2.664931e+00
fs,27,1.0,1.7,1.175303,1.175303,2.350605,True,True,True,0.8052501,0.8052501,1.590061,True,2.665062e+00
ff,125,1.1,1.7,1.278785,1.278785,2.557555,True,True,True,0.7301406,0.7301406,1.548975,True,2.659277e+00
ss,-40,1.1,1.7,0.9978797,0.9978797,1.99576,True,True,False,0.8212403,0.8212403,1.738617,True,2.636741e+00
ss,-40,1.0,1.7,0.4236767,0.4236767,0.8473517,True,True,False,0.778928,0.778928,1.686035,True,2.658738e+00
tt,125,0.9,1.7,1.141314,1.141314,2.282625,True,True,True,0.7339711,0.7339711,1.466366,True,2.657807e+00
tt,27,1.0,1.7,1.122495,1.122495,2.244987,True,True,True,0.7756851,0.7756851,1.604102,True,2.664896e+00
fs,-40,1.0,1.7,1.057974,1.057974,2.115938,True,True,True,0.8324907,0.8324907,1.641074,True,2.678109e+00
ss,27,0.9,1.7,0.4147718,0.4147718,0.8295435,True,True,False,0.7361453,0.7361453,1.546853,True,2.673613e+00
fs,27,1.1,1.7,1.230925,1.230925,2.461848,True,True,True,0.808494,0.808494,1.634654,True,2.651349e+00
ss,-40,0.9,1.7,0.07554612,0.07554612,0.1510923,True,True,False,0.7120383,0.7120383,1.035361e-11,False,-
fs,27,0.9,1.7,0.9719477,0.9719477,1.943895,True,True,False,0.7924447,0.7924447,1.51693,True,2.690796e+00
tt,125,1.0,1.7,1.217627,1.217627,2.435232,True,True,True,0.7391138,0.7391138,1.522994,True,2.637689e+00
fs,-40,0.9,1.7,0.4990393,0.4990393,0.9978536,True,True,False,0.7933683,0.7933683,1.551248,True,2.714048e+00
tt,27,1.1,1.7,1.213492,1.213492,2.426984,True,True,True,0.7805992,0.7805992,1.649469,True,2.649387e+00
fs,27,0.9,1.8,0.9719477,0.9719477,1.943895,True,True,False,0.7924447,0.7924447,1.517047,True,2.691539e+00
tt,-40,0.9,1.8,0.2189989,0.2189989,0.4379977,True,True,False,0.7378738,0.7378738,1.569246,True,2.726751e+00
sf,27,1.1,1.8,1.185882,1.185882,2.371764,True,True,True,0.7590522,0.7590522,1.677746,True,2.649768e+00
ff,-40,0.9,1.8,0.483078,0.483078,0.9661559,True,True,False,0.7615171,0.7615171,1.551028,True,2.750227e+00
fs,125,1.1,1.8,1.272692,1.272692,2.545378,True,True,True,0.7697053,0.7697053,1.544883,True,2.640302e+00
fs,-40,1.0,1.8,1.057974,1.057974,2.115938,True,True,True,0.8324907,0.8324907,1.641276,True,2.678594e+00
fs,27,1.0,1.8,1.175303,1.175303,2.350605,True,True,True,0.8052501,0.8052501,1.59032,True,2.664910e+00
fs,-40,0.9,1.8,0.4990393,0.4990393,0.9978536,True,True,False,0.7933683,0.7933683,1.552647,True,2.714529e+00
sf,125,1.0,1.8,1.195465,1.195465,2.390921,True,True,True,0.7169963,0.7169963,1.546553,True,2.632900e+00
ss,125,1.0,1.8,1.186026,1.186026,2.372045,True,True,True,0.7566209,0.7566209,1.545551,True,2.609213e+00
fs,125,1.0,1.8,1.232606,1.232606,2.465205,True,True,True,0.766933,0.766933,1.508589,True,2.650002e+00
fs,27,1.1,1.8,1.230925,1.230925,2.461848,True,True,True,0.808494,0.808494,1.635005,True,2.651850e+00
sf,125,1.1,1.8,1.24632,1.24632,2.492636,True,True,True,0.7202081,0.7202081,1.583126,True,2.620919e+00
fs,125,0.9,1.8,1.180751,1.180751,2.361495,True,True,True,0.7632574,0.7632574,1.455588,True,2.664888e+00
sf,125,0.9,1.8,1.021339,1.021339,2.042674,True,True,False,0.705148,0.705148,1.482611,True,2.657537e+00
tt,27,0.9,1.8,0.6994181,0.6994181,1.398836,True,True,False,0.7479448,0.7479448,1.527805,True,2.696898e+00
ff,27,0.9,1.8,0.9754317,0.9754317,1.950862,True,True,False,0.7558161,0.7558161,1.51305,True,2.721424e+00
sf,27,1.0,1.8,0.9390293,0.9390293,1.878059,True,True,False,0.7457036,0.7457036,1.629333,True,2.666804e+00
ss,27,0.9,1.8,0.4147718,0.4147718,0.8295435,True,True,False,0.7361453,0.7361453,1.545427,True,2.674254e+00
tt,27,1.0,1.8,1.122495,1.122495,2.244987,True,True,True,0.7756851,0.7756851,1.604384,True,2.665023e+00
ss,-40,1.1,1.8,0.9978797,0.9978797,1.99576,True,True,False,0.8212403,0.8212403,1.738859,True,2.637083e+00
ss,27,1.0,1.8,0.9206433,0.9206433,1.841287,True,True,False,0.7817361,0.7817361,1.626677,True,2.638936e+00
tt,27,1.1,1.8,1.213492,1.213492,2.426984,True,True,True,0.7805992,0.7805992,1.649862,True,2.649769e+00
ss,-40,1.0,1.8,0.4236767,0.4236767,0.8473517,True,True,False,0.778928,0.778928,1.687529,True,2.659451e+00
tt,125,0.9,1.8,1.141314,1.141314,2.282625,True,True,True,0.7339711,0.7339711,1.466681,True,2.659094e+00
ss,-40,0.9,1.8,0.07554612,0.07554612,0.1510923,True,True,False,0.7120383,0.7120383,9.838019e-12,False,-
tt,-40,1.1,1.8,1.158893,1.158893,2.317785,True,True,True,0.8103894,0.8103894,1.715136,True,2.664760e+00
tt,125,1.0,1.8,1.217627,1.217627,2.435232,True,True,True,0.7391138,0.7391138,1.523547,True,2.638440e+00
ff,125,1.1,1.8,1.278785,1.278785,2.557555,True,True,True,0.7301406,0.7301406,1.54981,True,2.660077e+00
tt,125,1.1,1.8,1.261088,1.261088,2.522138,True,True,True,0.7419397,0.7419397,1.560083,True,2.627243e+00
ff,125,1.0,1.8,1.237887,1.237887,2.47576,True,True,True,0.7276061,0.7276061,1.509815,True,2.671273e+00
ff,125,0.9,1.8,1.184703,1.184703,2.369395,True,True,True,0.7242147,0.7242147,1.452381,True,2.690665e+00
ss,27,1.1,1.8,1.183128,1.183128,2.366249,True,True,True,0.7981649,0.7981649,1.672692,True,2.622797e+00
sf,-40,0.9,1.8,0.07093729,0.07093729,0.1418746,True,True,False,0.6870868,0.6870868,3.778933e-11,False,-
fs,-40,1.1,1.8,1.194503,1.194503,2.388881,True,True,True,0.8397009,0.8397009,1.696732,True,2.661692e+00
ff,27,1.1,1.8,1.229495,1.229495,2.458985,True,True,True,0.7692108,0.7692108,1.640794,True,2.677084e+00
tt,-40,1.0,1.8,0.7738689,0.7738689,1.547736,True,True,False,0.7902247,0.7902247,1.65788,True,2.684387e+00
sf,-40,1.0,1.8,0.4279576,0.4279576,0.8559149,True,True,False,0.7487928,0.7487928,1.691297,True,2.691876e+00
ff,27,1.0,1.8,1.173161,1.173161,2.346316,True,True,True,0.7664344,0.7664344,1.591602,True,2.692309e+00
sf,-40,1.1,1.8,1.013805,1.013805,2.027609,True,True,False,0.7845623,0.7845623,1.744738,True,2.668747e+00
sf,27,0.9,1.8,0.423773,0.423773,0.84754,True,True,False,0.704714,0.704714,1.547277,True,2.703807e+00
ss,125,0.9,1.8,1.0022,1.0022,2.004396,True,True,False,0.7428741,0.7428741,1.483414,True,2.631088e+00
ff,-40,1.1,1.8,1.187289,1.187289,2.374579,True,True,True,0.8000122,0.8000122,1.704402,True,2.693328e+00
ff,-40,1.0,1.8,1.055924,1.055924,2.111848,True,True,True,0.7945246,0.7945246,1.64385,True,2.712214e+00
ss,125,1.1,1.8,1.240173,1.240173,2.480338,True,True,True,0.7603875,0.7603875,1.581434,True,2.597754e+00
