Input,Division Ratio
0,256.0
1,242.474365234375
2,242.41552734375
3,242.477783203125
4,242.0166015625
5,242.539794921875
6,242.39892578125
7,242.281494140625
8,241.9375
9,242.417724609375
10,242.21826171875
11,242.382080078125
12,242.0458984375
13,242.475341796875
14,242.45947265625
15,242.525634765625
16,241.935546875
17,242.478271484375
18,242.42724609375
19,242.512939453125
20,242.1689453125
21,242.364013671875
22,242.33251953125
23,242.523681640625
24,242.24609375
25,242.335693359375
26,242.37841796875
27,242.499267578125
28,242.1982421875
29,242.447998046875
30,242.44775390625
31,242.400634765625
32,241.494140625
33,242.357177734375
34,242.43896484375
35,242.442626953125
36,242.1181640625
37,242.614013671875
38,242.47705078125
39,242.332275390625
40,242.2421875
41,242.538818359375
42,242.33544921875
43,242.444580078125
44,242.1943359375
45,242.463623046875
46,242.27197265625
47,242.467041015625
48,242.552734375
49,242.376708984375
50,242.48974609375
51,242.442626953125
52,242.3330078125
53,242.317138671875
54,242.42626953125
55,242.465087890625
56,242.61328125
57,242.472412109375
58,242.51123046875
59,242.389892578125
60,242.2685546875
61,242.514404296875
62,242.43212890625
63,242.396728515625
64,240.986328125
65,242.517333984375
66,242.38427734375
67,242.337158203125
68,242.2822265625
69,242.555419921875
70,242.60986328125
71,242.375244140625
72,242.453125
73,242.468505859375
74,242.34326171875
75,242.468017578125
76,242.2490234375
77,242.506591796875
78,242.38916015625
79,242.506103515625
80,242.794921875
81,242.388427734375
82,242.45849609375
83,242.509033203125
84,242.3720703125
85,242.535888671875
86,242.50439453125
87,242.465087890625
88,242.38671875
89,242.464599609375
90,242.51123046875
91,242.460205078125
92,242.3232421875
93,242.541748046875
94,242.55712890625
95,242.412353515625
96,241.978515625
97,242.501708984375
98,242.39208984375
99,242.286376953125
100,242.5244140625
101,242.551513671875
102,242.47705078125
103,242.347900390625
104,242.3515625
105,242.409912109375
106,242.36669921875
107,242.522705078125
108,242.5693359375
109,242.526123046875
110,242.41259765625
111,242.556884765625
112,242.474609375
113,242.427490234375
114,242.63037109375
115,242.509033203125
116,242.5673828125
117,242.524169921875
118,242.64503479003906
119,242.51979064941406
120,242.37892150878906
121,242.54664611816406
122,242.45655822753906
123,242.45631408691406
124,242.34669494628906
125,242.52613830566406
126,242.60401916503906
127,242.43190002441406
128,240.47071838378906
129,242.54469299316406
130,242.43116760253906
131,242.41529846191406
132,242.32911682128906
133,242.50465393066406
134,242.55519104003906
135,242.48463439941406
136,242.46876525878906
137,242.49195861816406
138,242.42140197753906
139,242.47193908691406
140,242.35841369628906
141,242.52223205566406
142,242.46730041503906
143,242.52565002441406
144,242.21681213378906
145,242.40797424316406
146,242.56788635253906
147,242.51295471191406
148,242.73146057128906
149,242.54371643066406
150,242.73878479003906
151,242.56666564941406
152,242.37110900878906
153,242.52711486816406
154,242.65968322753906
155,242.55787658691406
156,242.62013244628906
157,242.51832580566406
158,242.68214416503906
159,242.44361877441406
160,241.33790588378906
161,242.54859924316406
162,242.52491760253906
163,242.55592346191406
164,242.44630432128906
165,242.57887268066406
166,242.56300354003906
167,242.48463439941406
168,242.30470275878906
169,242.52711486816406
170,242.60890197753906
171,242.63600158691406
172,242.67872619628906
173,242.57691955566406
174,242.51417541503906
175,242.69752502441406
176,242.08399963378906
177,242.40797424316406
178,242.70851135253906
179,242.61061096191406
180,242.56739807128906
181,242.65309143066406
182,242.72315979003906
183,242.66041564941406
184,242.45704650878906
185,242.63648986816406
186,242.52687072753906
187,242.55397033691406
188,242.51856994628906
189,242.64723205566406
190,242.66651916503906
191,242.47486877441406
192,240.95509338378906
193,242.63844299316406
194,242.57179260253906
195,242.64186096191406
196,242.70411682128906
197,242.59840393066406
198,242.57081604003906
199,242.61744689941406
200,242.79689025878906
201,242.48414611816406
202,242.60108947753906
203,242.57740783691406
204,242.57716369628906
205,242.51878356933594
206,242.55369567871094
207,242.59251403808594
208,242.51414489746094
209,242.57640075683594
210,242.78709411621094
211,242.62669372558594
212,242.54441833496094
213,242.64183044433594
214,242.83299255371094
215,242.66477966308594
216,242.69969177246094
217,242.67210388183594
218,242.54295349121094
219,242.63255310058594
220,242.76121520996094
221,242.77659606933594
222,242.74510192871094
223,242.60423278808594
224,241.94773864746094
225,242.58030700683594
226,242.68943786621094
227,242.59934997558594
228,242.49363708496094
229,242.60667419433594
230,242.44627380371094
231,242.68431091308594
232,242.35203552246094
233,242.62132263183594
234,242.78123474121094
235,242.738037109375
236,242.63232421875
237,242.690673828125
238,242.5615234375
239,242.713623046875
240,242.69384765625
241,242.814697265625
242,242.865234375
243,242.841552734375
244,242.72412109375
245,242.770751953125
246,242.8564453125
247,242.727294921875
248,242.69189453125
249,242.785400390625
250,242.48828125
251,242.562255859375
252,242.67529296875
253,242.819580078125
254,242.7216796875
255,242.592529296875
256,239.93994140625
257,242.783447265625
258,242.658203125
259,242.798583984375
260,242.73583984375
261,242.719970703125
262,242.7822265625
263,242.844482421875
264,242.78173828125
265,242.699462890625
266,242.734375
267,242.777099609375
268,242.85888671875
269,242.690673828125
270,242.8115234375
271,242.752685546875
272,242.43603515625
273,242.701416015625
274,242.87303161621094
275,242.77122497558594
276,242.93504333496094
277,242.84886169433594
278,242.80174255371094
279,242.72337341308594
280,242.99656677246094
281,242.84397888183594
282,242.80076599121094
283,242.78489685058594
284,242.97996520996094
285,242.83909606933594
286,242.54978942871094
287,242.86595153808594
288,243.05711364746094
289,242.79905700683594
290,242.74412536621094
291,242.82591247558594
292,242.94676208496094
293,242.70823669433594
294,242.72752380371094
295,242.75071716308594
296,243.08641052246094
297,242.65257263183594
298,242.88279724121094
299,242.78880310058594
300,242.97605895996094
301,242.86253356933594
302,242.88182067871094
303,242.80735778808594
304,242.55320739746094
305,242.81858825683594
306,242.80271911621094
307,242.87669372558594
308,242.95848083496094
309,242.83714294433594
310,242.91893005371094
311,242.87181091308594
312,243.11375427246094
313,242.95335388183594
314,242.76170349121094
315,242.80833435058594
316,243.11277770996094
317,242.94847106933594
318,242.88572692871094
319,242.96751403808594
320,241.42430114746094
321,242.93968200683594
322,242.66600036621094
323,242.90013122558594
324,243.14207458496094
325,242.93479919433594
326,242.81346130371094
327,242.93431091308594
328,242.76609802246094
329,242.78538513183594
330,242.87498474121094
331,242.82005310058594
332,243.18699645996094
333,242.88597106933594
334,242.92088317871094
335,242.94798278808594
336,242.48289489746094
337,242.88499450683594
338,242.99803161621094
339,242.88841247558594
340,243.06004333496094
341,243.03245544433594
342,242.97361755371094
343,242.87571716308594
344,243.19969177246094
345,242.96116638183594
346,243.01170349121094
347,242.91380310058594
348,242.97996520996094
349,242.96800231933594
350,242.87010192871094
351,243.00267028808594
352,242.66650390625
353,242.802978515625
354,242.861328125
355,242.993896484375
356,242.94677734375
357,242.786376953125
358,243.0166015625
359,242.957763671875
360,242.91455078125
361,242.902587890625
362,243.1328125
363,242.999755859375
364,243.10107421875
365,243.093017578125
366,243.1240234375
367,243.033935546875
368,242.91259765625
369,243.041259765625
370,243.021484375
371,243.087646484375
372,243.02099609375
373,243.126220703125
374,242.9892578125
375,242.953857421875
376,243.31689453125
377,242.992431640625
378,242.88671875
379,243.062255859375
380,242.95654296875
381,243.034423828125
382,243.0888671875
383,243.112060546875
384,241.90869140625
385,243.049072265625
386,243.119140625
387,243.130615234375
388,243.18896484375
389,243.024658203125
390,243.1728515625
391,243.055419921875
392,242.93798828125
393,243.082275390625
394,243.078125
395,243.073974609375
396,243.09326171875
397,242.995361328125
398,243.0771484375
399,243.033935546875
400,243.34228515625
401,243.056884765625
402,242.990234375
403,242.982177734375
404,243.16943359375
405,243.087158203125
406,242.9814453125
407,243.008544921875
408,243.34033203125
409,243.109619140625
410,243.07374572753906
411,243.16334533691406
412,243.24513244628906
413,243.09645080566406
414,243.03370666503906
415,243.23658752441406
416,243.40040588378906
417,242.99000549316406
418,243.16554260253906
419,243.20826721191406
420,243.19630432128906
421,243.13356018066406
422,243.24269104003906
423,243.07057189941406
424,242.96095275878906
425,243.03883361816406
426,243.07765197753906
427,243.10865783691406
428,243.31935119628906
429,243.15895080566406
430,243.17823791503906
431,242.94361877441406
432,243.45899963378906
433,243.11109924316406
434,242.91944885253906
435,243.04420471191406
436,243.30177307128906
437,243.28590393066406
438,243.15284729003906
439,243.14869689941406
440,243.39454650878906
441,243.15602111816406
442,243.25343322753906
443,243.30397033691406
444,243.22169494628906
445,243.19801330566406
446,243.25245666503906
447,243.29908752441406
448,242.14259338378906
449,243.18531799316406
450,243.28273010253906
451,243.18092346191406
452,243.21974182128906
453,243.29371643066406
454,243.35206604003906
455,243.19947814941406
456,242.85939025878906
457,243.25367736816406
458,243.25733947753906
459,243.22193908691406
460,243.38966369628906
461,243.23707580566406
462,243.22511291503906
463,243.01002502441406
464,242.82618713378906
465,243.23609924316406
466,243.32569885253906
467,243.23951721191406
468,243.35646057128906
469,243.34451293945312
470,243.06692504882812
471,243.26199340820312
472,243.41799926757812
473,243.37088012695312
474,243.46438598632812
475,243.34304809570312
476,243.32327270507812
477,243.26834106445312
478,243.04153442382812
479,243.34597778320312
480,242.25979614257812
481,243.29470825195312
482,243.39212036132812
483,243.33328247070312
484,243.21194458007812
485,243.30935668945312
486,243.40676879882812
487,243.26589965820312
488,243.25784301757812
489,243.26931762695312
490,243.34329223632812
491,243.15554809570312
492,243.33499145507812
493,243.41287231445312
494,243.38919067382812
495,243.27175903320312
496,242.81838989257812
497,243.49002075195312
498,243.21633911132812
499,243.33328247070312
500,243.36428833007812
501,243.40310668945312
502,243.31692504882812
503,243.35964965820312
504,242.84768676757812
505,243.33963012695312
506,243.32376098632812
507,243.43679809570312
508,243.23733520507812
509,243.27224731445312
510,243.22122192382812
511,243.45144653320312
512,239.87698364257812
513,243.40017700195312
514,243.28274536132812
515,243.38406372070312
516,243.34475708007812
517,243.43826293945312
518,243.49270629882812
519,243.43777465820312
520,243.25003051757812
521,243.52713012695312
522,243.35891723632812
523,243.32351684570312
524,243.35842895507812
525,243.49490356445312
526,243.27200317382812
527,243.43582153320312
528,243.12307739257812
529,243.46658325195312
530,243.30227661132812
531,243.38015747070312
532,243.43460083007812
533,243.47341918945312
534,243.35598754882812
535,243.39871215820312
536,243.37112426757812
537,243.37869262695312
538,243.58157348632812
539,243.49539184570312
540,243.46389770507812
541,243.47927856445312
542,243.41653442382812
543,243.47879028320312
544,243.11917114257812
545,243.50564575195312
546,243.45462036132812
547,243.52076721191406
548,243.19630432128906
549,243.51246643066406
550,243.60987854003906
551,243.37916564941406
552,243.33595275878906
553,243.47242736816406
554,243.42140197753906
555,243.38990783691406
556,243.33497619628906
557,243.41285705566406
558,243.34230041503906
559,243.29908752441406
560,242.99024963378906
561,243.33375549316406
562,243.11476135253906
563,243.37623596191406
564,243.62989807128906
565,243.39527893066406
566,243.55128479003906
567,243.61354064941406
568,243.20704650878906
569,243.44117736816406
570,243.45655822753906
571,243.56178283691406
572,243.33106994628906
573,243.53004455566406
574,243.57276916503906
575,243.47486877441406
576,242.86134338378906
577,243.49781799316406
578,243.45460510253906
579,243.48951721191406
580,243.34474182128906
581,243.58277893066406
582,243.48487854003906
583,243.30494689941406
584,243.10939025878906
585,243.63258361816406
586,243.56204223632812
587,243.51101684570312
588,243.28030395507812
589,243.53005981445312
590,243.26419067382812
591,243.39285278320312
592,243.60745239257812
593,243.50955200195312
594,243.49758911132812
595,243.50906372070312
596,243.48147583007812
597,243.45779418945312
598,243.48880004882812
599,243.56277465820312
600,243.60549926757812
601,243.56619262695312
602,243.54251098632812
603,243.55007934570312
604,243.33889770507812
605,243.62771606445312
606,243.57278442382812
607,243.62332153320312
608,242.72854614257812
609,243.54470825195312
610,243.49368286132812
611,243.61062622070312
612,243.50881958007812
613,243.58279418945312
614,243.68801879882812
615,243.304931640625
616,243.2890625
617,243.554443359375
618,243.57763671875
619,243.628173828125
620,243.3505859375
621,243.572998046875
622,243.57666015625
623,243.377197265625
624,243.349609375
625,243.630615234375
626,243.64599609375
627,243.680908203125
628,243.6767578125
629,243.555419921875
630,243.64501953125
631,243.672119140625
632,243.59765625
633,243.589599609375
634,243.58935546875
635,243.624267578125
636,243.5185546875
637,243.674560546875
638,243.58056640625
639,243.584228515625
640,243.845703125
641,243.568115234375
642,243.70458984375
643,243.657470703125
644,243.3916015625
645,243.899169921875
646,243.88330078125
647,243.500244140625
648,243.46875
649,243.671630859375
650,243.86669921875
651,243.757080078125
652,243.5302734375
653,243.752685546875
654,243.56884765625
655,243.627197265625
656,243.029296875
657,243.501708984375
658,243.66943359375
659,243.751220703125
660,243.7158203125
661,243.656982421875
662,243.45751953125
663,243.551025390625
664,243.71484375
665,243.644287109375
666,243.76904296875
667,243.682861328125
668,243.3388671875
669,243.811279296875
670,243.55712890625
671,243.697509765625
672,244.337890625
673,243.728271484375
674,243.57958984375
675,243.571533203125
676,243.5869140625
677,243.895263671875
678,243.96923828125
679,243.660400390625
680,243.8671875
681,243.636474609375
682,243.59326171875
683,243.62376403808594
684,243.74070739746094
685,243.71702575683594
686,243.56834411621094
687,243.60325622558594
688,243.58348083496094
689,243.59495544433594
690,243.58299255371094
691,243.67649841308594
692,243.94187927246094
693,243.69554138183594
694,243.66014099121094
695,243.64427185058594
696,243.26902770996094
697,243.75315856933594
698,243.90135192871094
699,243.61985778808594
700,243.61180114746094
701,243.59593200683594
702,243.40037536621094
703,243.736083984375
704,242.57958984375
705,243.712158203125
706,243.6181640625
707,243.571044921875
708,243.53173828125
709,243.726806640625
710,243.7578125
711,243.714599609375
712,243.76513671875
713,243.772705078125
714,243.7177734375
715,243.709716796875
716,243.82666015625
717,243.646728515625
718,243.498046875
719,243.739990234375
720,244.20068359375
721,243.532470703125
722,243.6611328125
723,243.680419921875
724,243.88720703125
725,243.660400390625
726,243.82421875
727,243.648193359375
728,243.63623046875
729,243.663330078125
730,243.8310546875
731,243.721435546875
732,243.68212890625
733,243.674072265625
734,243.744140625
735,243.552490234375
736,243.44677734375
737,243.727783203125
738,243.7119140625
739,243.739013671875
740,243.91455078125
741,243.820556640625
742,244.0703125
743,243.741943359375
744,243.60107421875
745,243.593017578125
746,243.9130859375
747,243.787841796875
748,243.33447265625
749,243.654541015625
750,243.724609375
751,243.622802734375
752,243.44287109375
753,243.634033203125
754,243.8017578125
755,243.656982421875
756,243.73876953125
757,243.867431640625
758,243.83203125
759,243.734130859375
760,243.53466796875
761,243.725830078125
762,243.9560546875
763,243.721435546875
764,243.83056640625
765,243.779541015625
766,243.767578125
767,243.697021484375
768,240.81396484375
769,243.692626953125
770,244.0478515625
771,243.766357421875
772,243.85986328125
773,243.840087890625
774,243.859375
775,243.878662109375
776,243.99951171875
777,243.710205078125
778,244.0458984375
779,243.780029296875
780,243.68603515625
781,243.752197265625
782,243.630859375
783,243.689208984375
784,243.99755859375
785,243.688720703125
786,243.9970703125
787,243.848388671875
788,243.73095703125
789,243.801025390625
790,243.83984375
791,243.788818359375
792,243.99560546875
793,243.718017578125
794,243.9951171875
795,243.670654296875
796,243.69775390625
797,243.916259765625
798,243.923828125
799,243.798583984375
800,243.80615234375
801,243.774658203125
802,243.7822265625
803,243.883544921875
804,243.57080078125
805,243.886962890625
806,243.9375
807,243.929443359375
808,244.17919921875
809,243.811767578125
810,243.9677734375
811,243.905029296875
812,243.66259765625
813,243.744384765625
814,243.732421875
815,243.689208984375
816,243.30224609375
817,243.907470703125
818,243.7470703125
819,243.774169921875
820,243.78565979003906
821,243.99244689941406
822,243.90235900878906
823,243.98414611816406
824,243.86280822753906
825,243.97584533691406
826,243.81544494628906
827,243.75270080566406
828,243.76808166503906
829,243.96315002441406
830,243.96290588378906
831,243.90016174316406
832,242.54835510253906
833,243.91920471191406
834,243.82130432128906
835,243.92262268066406
836,243.51612854003906
837,243.89479064941406
838,243.85939025878906
839,243.88258361816406
840,244.04640197753906
841,243.84693908691406
842,244.06153869628906
843,243.86988830566406
844,243.87355041503906
845,244.11940002441406
846,243.95118713378906
847,243.94313049316406
848,243.98194885253906
849,243.95045471191406
850,244.03614807128906
851,244.00074768066406
852,243.74659729003906
853,244.04713439941406
854,244.10548400878906
855,243.89820861816406
856,244.26124572753906
857,243.84303283691406
858,243.87794494628906
859,243.91285705566406
860,243.96339416503906
861,243.93971252441406
862,243.90040588378906
863,243.84547424316406
864,244.41554260253906
865,243.91920471191406
866,243.82911682128906
867,244.12574768066406
868,243.83644104003906
869,244.03150939941406
870,243.94532775878906
871,244.04273986816406
872,244.60108947753906
873,243.87037658691406
874,244.20216369628906
875,243.99879455566406
876,243.99073791503906
877,244.09986877441406
878,243.98243713378906
879,244.00563049316406
880,243.97413635253906
881,244.06373596191406
882,244.06739807128906
883,244.07106018066406
884,244.19190979003906
885,243.99635314941406
886,244.12110900878906
887,243.93727111816406
888,244.19093322753906
889,244.08131408691406
890,243.98731994628906
891,243.92848205566406
892,244.22120666503906
893,244.17799377441406
894,243.88478088378906
895,244.07203674316406
896,243.28273010253906
897,243.98561096191406
898,243.98536682128906
899,244.02809143066406
900,243.73487854003906
901,243.97291564941406
902,243.89845275878906
903,244.12086486816406
904,244.12452697753906
905,244.08912658691406
906,244.19435119628906
907,243.99879455566406
908,244.02980041503906
909,244.15455627441406
910,243.95899963378906
911,244.15797424316406
912,243.71632385253906
913,244.18092346191406
914,244.04396057128906
915,244.19606018066406
916,244.21534729003906
917,244.11744689941406
918,244.25392150878906
919,244.10914611816406
920,244.37062072753906
921,244.05006408691406
922,244.16700744628906
923,244.09254455566406
924,244.04151916503906
925,244.20143127441406
926,243.96290588378906
927,244.15406799316406
928,245.39991760253906
929,244.05592346191406
930,244.09474182128906
931,244.14137268066406
932,244.25831604003906
933,244.09791564941406
934,244.21095275878906
935,244.20680236816406
936,244.77296447753906
937,244.21023559570312
938,244.30374145507812
939,244.10818481445312
940,243.95950317382812
941,244.35769653320312
942,244.09963989257812
943,244.33377075195312
944,244.02102661132812
945,243.99734497070312
946,244.27053833007812
947,244.11404418945312
948,244.22317504882812
949,244.28152465820312
950,244.15237426757812
951,244.10525512695312
952,244.23782348632812
953,244.31570434570312
954,244.33108520507812
955,244.26443481445312
956,243.83059692382812
957,244.21316528320312
958,243.94729614257812
959,244.26736450195312
960,243.76712036132812
961,244.10671997070312
962,244.43069458007812
963,244.14529418945312
964,244.21926879882812
965,244.15261840820312
966,244.24221801757812
967,244.27713012695312
968,244.26516723632812
969,244.33914184570312
970,244.42874145507812
971,244.19021606445312
972,243.99856567382812
973,244.28347778320312
974,244.31057739257812
975,244.34939575195312
976,244.01321411132812
977,244.16531372070312
978,244.24710083007812
979,244.12185668945312
980,244.37161254882812
981,244.26589965820312
982,244.55862426757812
983,244.28884887695312
984,244.26126098632812
985,244.35867309570312
986,244.44827270507812
987,244.37380981445312
988,244.18215942382812
989,244.29910278320312
990,244.38479614257812
991,244.28689575195312
992,244.25930786132812
993,244.20046997070312
994,244.54006958007812
995,244.19998168945312
996,244.44583129882812
997,244.37918090820312
998,244.38284301757812
999,244.22244262695312
1000,244.22610473632812
1001,244.44851684570312
1002,244.60061645507812
1003,244.34255981445312
1004,244.30325317382812
1005,244.18972778320312
1006,244.40432739257812
1007,244.30252075195312
1008,243.81790161132812
1009,244.14578247070312
1010,244.62991333007812
1011,244.15310668945312
1012,244.34817504882812
1013,244.48074340820312
1014,244.55862426757812
1015,244.30838012695312
1016,244.34719848632812
1017,244.44461059570312
1018,244.65921020507812
1019,244.36599731445312
1020,243.97122192382812
1021,244.30691528320312
1022,244.41604614257812
1023,244.30252075195312
1024,239.75193786621094
1025,244.22044372558594
1026,244.61082458496094
1027,244.25901794433594
1028,244.06346130371094
1029,244.30149841308594
1030,244.63328552246094
1031,244.42210388183594
1032,244.53123474121094
1033,244.42161560058594
1034,244.50730895996094
1035,244.34300231933594
1036,244.24900817871094
1037,244.30735778808594
1038,244.52195739746094
1039,244.19358825683594
1040,244.49803161621094
1041,244.39622497558594
1042,244.55223083496094
1043,244.34104919433594
1044,244.32518005371094
1045,244.60227966308594
1046,244.62937927246094
1047,244.47679138183594
1048,244.52732849121094
1049,244.38645935058594
1050,244.51902770996094
1051,244.48753356933594
1052,244.33885192871094
1053,244.34642028808594
1054,244.55712890625
1055,244.295166015625
1056,244.744140625
1057,244.290771484375
1058,244.68115234375
1059,244.302001953125
1060,244.3212890625
1061,244.551513671875
1062,244.62548828125
1063,244.492431640625
1064,244.2734375
1065,244.304443359375
1066,244.70263671875
1067,244.307861328125
1068,244.3974609375
1069,244.463623046875
1070,244.51416015625
1071,244.193603515625
1072,243.990234375
1073,244.486083984375
1074,244.68505859375
1075,244.391845703125
1076,244.2080078125
1077,244.707763671875
1078,244.56689453125
1079,244.465087890625
1080,244.48828125
1081,244.374755859375
1082,244.67529296875
1083,244.385986328125
1084,244.3154296875
1085,244.483154296875
1086,244.31494140625
1087,244.545166015625
1088,244.486328125
1089,244.532958984375
1090,244.62646484375
1091,244.512939453125
1092,243.9541015625
1093,244.56321716308594
1094,244.60203552246094
1095,244.60179138183594
1096,244.64060974121094
1097,244.58567810058594
1098,244.64793395996094
1099,244.34300231933594
1100,244.24900817871094
1101,244.46751403808594
1102,244.42039489746094
1103,244.38890075683594
1104,244.41990661621094
1105,244.71653747558594
1106,244.40379333496094
1107,244.49339294433594
1108,244.40330505371094
1109,244.61009216308594
1110,244.69187927246094
1111,244.62522888183594
1112,244.98045349121094
1113,244.47239685058594
1114,244.59715270996094
1115,244.40940856933594
1116,244.33885192871094
1117,244.49095153808594
1118,244.31492614746094
1119,244.51390075683594
1120,245.22850036621094
1121,244.66966247558594
1122,244.43113708496094
1123,244.49339294433594
1124,244.29002380371094
1125,244.60227966308594
1126,244.82078552246094
1127,244.50804138183594
1128,244.63279724121094
1129,244.55442810058594
1130,244.44480895996094
1131,244.42503356933594
1132,244.63182067871094
1133,244.71751403808594
1134,244.49851989746094
1135,244.51390075683594
1136,243.84959411621094
1137,244.72044372558594
1138,244.58348083496094
1139,244.64964294433594
1140,244.25486755371094
1141,244.55149841308594
1142,244.66062927246094
1143,244.46897888183594
1144,244.16014099121094
1145,244.53880310058594
1146,244.76902770996094
1147,244.62034606933594
1148,244.26853942871094
1149,244.72142028808594
1150,244.36180114746094
1151,244.59593200683594
1152,243.22068786621094
1153,244.72434997558594
1154,244.60301208496094
1155,244.69651794433594
1156,244.23533630371094
1157,244.67259216308594
1158,244.83641052246094
1159,244.49632263183594
1160,244.21873474121094
1161,244.60911560058594
1162,244.68699645996094
1163,244.48753356933594
1164,244.09275817871094
1165,244.83470153808594
1166,244.53758239746094
1167,244.56858825683594
1168,244.21678161621094
1169,244.65794372558594
1170,244.77098083496094
1171,244.794189453125
1172,244.7158203125
1173,244.653076171875
1174,244.76220703125
1175,244.640869140625
1176,245.27734375
1177,244.597412109375
1178,244.81591796875
1179,244.647705078125
1180,244.2763671875
1181,244.811279296875
1182,244.50244140625
1183,244.654541015625
1184,245.212890625
1185,244.607177734375
1186,244.50927734375
1187,244.587158203125
1188,244.4150390625
1189,244.778076171875
1190,244.86767578125
1191,244.484619140625
1192,245.2734375
1193,244.726318359375
1194,244.73388671875
1195,244.737548828125
1196,244.4755859375
1197,244.936279296875
1198,244.37353515625
1199,244.724853515625
1200,244.771484375
1201,244.556396484375
1202,244.76318359375
1203,244.719970703125
1204,244.6767578125
1205,244.629638671875
1206,244.74658203125
1207,244.683837890625
1208,244.39453125
1209,244.757568359375
1210,244.83935546875
1211,244.714111328125
1212,244.1591796875
1213,244.889404296875
1214,244.62744140625
1215,244.689697265625
1216,243.455078125
1217,244.802490234375
1218,244.64208984375
1219,244.669189453125
1220,244.4697265625
1221,244.860107421875
1222,245.08642578125
1223,244.593994140625
1224,244.890625
1225,244.765380859375
1226,244.60888671875
1227,244.659423828125
1228,244.4677734375
1229,244.83766174316406
1230,244.45851135253906
1231,244.78248596191406
1232,245.01271057128906
1233,244.50465393066406
1234,244.67628479003906
1235,244.72291564941406
1236,244.93360900878906
1237,244.60133361816406
1238,244.92530822753906
1239,244.60865783691406
1240,244.97950744628906
1241,244.79957580566406
1242,244.98683166503906
1243,244.83815002441406
1244,244.46290588378906
1245,244.80641174316406
1246,244.76710510253906
1247,244.71607971191406
1248,244.44630432128906
1249,244.77809143066406
1250,244.68800354003906
1251,244.65260314941406
1252,244.83595275878906
1253,244.87867736816406
1254,244.96827697753906
1255,244.66725158691406
1256,245.16310119628906
1257,244.92848205566406
1258,244.84230041503906
1259,244.75611877441406
1260,244.47462463378906
1261,244.88063049316406
1262,244.77101135253906
1263,244.84498596191406
1264,244.81739807128906
1265,244.71949768066406
1266,245.02003479003906
1267,244.80494689941406
1268,245.01954650878906
1269,244.87867736816406
1270,245.12843322753906
1271,244.81959533691406
1272,244.69044494628906
1273,244.85816955566406
1274,245.02589416503906
1275,244.72877502441406
1276,244.76759338378906
1277,245.00953674316406
1278,245.00929260253906
1279,244.72389221191406
1280,245.68849182128906
1281,244.86402893066406
1282,244.81300354003906
1283,244.68775939941406
1284,244.68751525878906
1285,244.91383361816406
1286,245.19483947753906
1287,244.83912658691406
1288,244.87405395507812
1289,244.82693481445312
1290,244.92044067382812
1291,244.93972778320312
1292,244.63870239257812
1293,244.82205200195312
1294,244.71633911132812
1295,244.88406372070312
1296,244.24710083007812
1297,244.66091918945312
1298,245.01223754882812
1299,244.83230590820312
1300,245.02737426757812
1301,244.89431762695312
1302,245.12063598632812
1303,244.85867309570312
1304,244.93264770507812
1305,244.83865356445312
1306,244.94778442382812
1307,244.94754028320312
1308,244.72854614257812
1309,244.91189575195312
1310,244.97024536132812
1311,244.79031372070312
1312,244.30569458007812
1313,244.97732543945312
1314,244.78176879882812
1315,244.73855590820312
1316,244.91409301757812
1317,244.96463012695312
1318,245.14016723632812
1319,244.90164184570312
1320,244.99124145507812
1321,244.88943481445312
1322,245.14700317382812
1323,244.88113403320312
1324,244.69338989257812
1325,244.81033325195312
1326,244.69290161132812
1327,244.82156372070312
1328,244.30178833007812
1329,244.85232543945312
1330,245.02005004882812
1331,244.89871215820312
1332,245.06643676757812
1333,244.96072387695312
1334,245.30813598632812
1335,244.81179809570312
1336,244.42483520507812
1337,245.00271606445312
1338,245.04153442382812
1339,244.83425903320312
1340,244.73635864257812
1341,245.09939575195312
1342,245.01712036132812
1343,244.68484497070312
1344,245.42288208007812
1345,244.88748168945312
1346,244.67239379882812
1347,244.76589965820312
1348,244.82815551757812
1349,245.03494262695312
1350,245.01516723632812
1351,244.96414184570312
1352,245.01467895507812
1353,244.69021606445312
1354,244.98294067382812
1355,244.97488403320312
1356,244.90432739257812
1357,244.91580200195312
1358,244.77102661132812
1359,244.87234497070312
1360,244.91897583007812
1361,244.83670043945312
1362,245.12161254882812
1363,245.00808715820312
1364,244.85549926757812
1365,245.01541137695312
1366,245.13624572753906
1367,244.87428283691406
1368,244.72950744628906
1369,244.84645080566406
1370,245.04151916503906
1371,244.83815002441406
1372,244.83790588378906
1373,245.15797424316406
1374,244.93116760253906
1375,244.77857971191406
1376,245.54005432128906
1377,244.89527893066406
1378,244.78175354003906
1379,244.89479064941406
1380,244.99220275878906
1381,245.05445861816406
1382,244.90577697753906
1383,244.88600158691406
1384,244.94435119628906
1385,244.74098205566406
1386,244.93605041503906
1387,244.93971252441406
1388,244.94337463378906
1389,244.86109924316406
1390,244.72413635253906
1391,244.89967346191406
1392,244.53614807128906
1393,244.94996643066406
1394,245.05128479003906
1395,244.83619689941406
1396,245.03517150878906
1397,244.98414611816406
1398,245.04249572753906
1399,244.98756408691406
1400,244.47169494628906
1401,245.01441955566406
1402,244.76808166503906
1403,244.81471252441406
1404,244.84571838378906
1405,245.07595825195312
1406,244.89993286132812
1407,244.77859497070312
1408,245.65725708007812
1409,245.11013793945312
1410,244.84426879882812
1411,244.95730590820312
1412,245.04690551757812
1413,244.92166137695312
1414,244.92922973632812
1415,244.96023559570312
1416,244.62405395507812
1417,244.86209106445312
1418,244.89700317382812
1419,244.96316528320312
1420,245.12307739257812
1421,244.83377075195312
1422,244.93508911132812
1423,244.95828247070312
1424,244.84085083007812
1425,244.98123168945312
1426,244.84036254882812
1427,245.08621215820312
1428,245.26174926757812
1429,245.01931762695312
1430,245.32376098632812
1431,244.84304809570312
1432,245.62014770507812
1433,245.03396606445312
1434,244.67431640625
1435,244.908447265625
1436,245.103515625
1437,245.239990234375
1438,244.97021484375
1439,244.794189453125
1440,245.1494140625
1441,244.957763671875
1442,244.61767578125
1443,244.961181640625
1444,244.9609375
1445,244.976318359375
1446,245.02294921875
1447,244.956298828125
1448,245.2724609375
1449,244.807373046875
1450,245.06884765625
1451,245.107666015625
1452,245.146484375
1453,245.114990234375
1454,244.91162109375
1455,244.856689453125
1456,244.6455078125
1457,245.004638671875
1458,245.00439453125
1459,245.062744140625
1460,245.41015625
1461,245.214599609375
1462,245.35498046875
1463,244.831298828125
1464,245.2060546875
1465,244.955810546875
1466,244.67431640625
1467,244.920166015625
1468,244.939453125
1469,245.239990234375
1470,244.77490234375
1471,244.899658203125
1472,244.6416015625
1473,244.860107421875
1474,244.93798828125
1475,245.070556640625
1476,245.203125
1477,245.120849609375
1478,244.91357421875
1479,245.069580078125
1480,245.0771484375
1481,244.955810546875
1482,245.28759765625
1483,244.904541015625
1484,245.232421875
1485,245.134521484375
1486,244.98193359375
1487,244.962158203125
1488,244.5126953125
1489,244.953857421875
1490,244.91064453125
1491,244.808837890625
1492,245.16796875
1493,245.136474609375
1494,245.12841796875
1495,244.866455078125
1496,245.1357421875
1497,245.108154296875
1498,244.87744140625
1499,244.763916015625
1500,245.119140625
1501,245.072021484375
1502,244.56396484375
1503,245.032470703125
1504,244.8837890625
1505,244.981201171875
1506,244.95361328125
1507,245.078369140625
1508,245.4609375
1509,244.956787109375
1510,244.92919921875
1511,245.186767578125
1512,244.8505859375
1513,245.030029296875
1514,245.16259765625
1515,245.029541015625
1516,245.271484375
1517,245.126708984375
1518,244.95068359375
1519,245.044189453125
1520,244.6923828125
1521,245.156982421875
1522,244.88673400878906
1523,244.86305236816406
1524,245.51905822753906
1525,245.12428283691406
1526,245.09669494628906
1527,244.84645080566406
1528,245.00245666503906
1529,245.21315002441406
1530,244.81446838378906
1531,244.98219299316406
1532,245.22023010253906
1533,245.11842346191406
1534,244.68849182128906
1535,245.09059143066406
1536,245.62550354003906
1537,245.00416564941406
1538,244.78907775878906
1539,245.14820861816406
1540,245.37452697753906
1541,244.89381408691406
1542,245.03028869628906
1543,245.06129455566406
1544,244.52980041503906
1545,245.02565002441406
1546,245.13087463378906
1547,245.10328674316406
1548,244.99757385253906
1549,244.98951721191406
1550,245.13771057128906
1551,244.89527893066406
1552,245.12159729003906
1553,245.09010314941406
1554,244.89454650878906
1555,244.98414611816406
1556,245.19874572753906
1557,245.19850158691406
1558,245.12013244628906
1559,244.85816955566406
1560,245.33839416503906
1561,245.05690002441406
1562,244.85353088378906
1563,245.04859924316406
1564,245.16554260253906
1565,245.06373596191406
1566,244.79786682128906
1567,245.11793518066406
1568,245.36769104003906
1569,244.81666564941406
1570,245.07814025878906
1571,245.18727111816406
1572,245.14796447753906
1573,244.92115783691406
1574,245.12403869628906
1575,245.01441955566406
1576,244.77198791503906
1577,245.02174377441406
1578,245.06837463378906
1579,245.15797424316406
1580,245.13038635253906
1581,245.18482971191406
1582,245.33302307128906
1583,244.93434143066406
1584,245.11378479003906
1585,245.03932189941406
1586,244.80860900878906
1587,244.90602111816406
1588,245.40968322753906
1589,245.29225158691406
1590,245.09669494628906
1591,244.94410705566406
1592,245.08058166503906
1593,244.95533752441406
1594,244.90821838378906
1595,245.05250549316406
1596,244.97023010253906
1597,244.98951721191406
1598,244.71974182128906
1599,244.97340393066406
1600,244.85987854003906
1601,244.86354064941406
1602,245.15626525878906
1603,244.99586486816406
1604,245.04640197753906
1605,245.10865783691406
1606,245.39747619628906
1607,245.07301330566406
1608,244.63917541503906
1609,244.99440002441406
1610,245.12306213378906
1611,244.87281799316406
1612,245.01319885253906
1613,245.02076721191406
1614,245.11427307128906
1615,244.79762268066406
1616,244.91847229003906
1617,245.01588439941406
1618,244.75392150878906
1619,244.82008361816406
1620,245.21437072753906
1621,245.08912658691406
1622,244.99513244628906
1623,244.97145080566406
1624,245.16651916503906
1625,245.05299377441406
1626,245.01759338378906
1627,245.10328674316406
1628,244.96241760253906
1629,244.89186096191406
1630,244.72755432128906
1631,245.15699768066406
1632,244.60206604003906
1633,244.95338439941406
1634,245.25001525878906
1635,245.03492736816406
1636,244.75733947753906
1637,245.12428283691406
1638,245.15528869628906
1639,245.10086059570312
1640,244.47561645507812
1641,245.08084106445312
1642,244.91262817382812
1643,244.82254028320312
1644,244.78713989257812
1645,245.09548950195312
1646,245.13040161132812
1647,244.88015747070312
1648,244.78616333007812
1649,245.25076293945312
1650,244.91067504882812
1651,244.88308715820312
1652,244.89456176757812
1653,245.08963012695312
1654,244.97219848632812
1655,245.13992309570312
1656,244.90921020507812
1657,244.96365356445312
1658,245.21340942382812
1659,245.21707153320312
1660,244.93948364257812
1661,244.97439575195312
1662,244.97024536132812
1663,245.11062622070312
1664,244.59475708007812
1665,244.95388793945312
1666,245.11770629882812
1667,245.11355590820312
1668,244.84378051757812
1669,245.17166137695312
1670,245.26516723632812
1671,245.05007934570312
1672,244.18655395507812
1673,245.09646606445312
1674,244.94387817382812
1675,244.91629028320312
1676,244.76370239257812
1677,245.23611450195312
1678,245.09915161132812
1679,244.96609497070312
1680,245.02835083007812
1681,245.23513793945312
1682,244.93411254882812
1683,244.98074340820312
1684,244.66799926757812
1685,245.01541137695312
1686,244.82376098632812
1687,245.10086059570312
1688,245.08889770507812
1689,244.81130981445312
1690,245.04934692382812
1691,245.14675903320312
1692,244.80667114257812
1693,244.80252075195312
1694,244.77493286132812
1695,245.02468872070312
1696,244.33694458007812
1697,245.01248168945312
1698,245.07083129882812
1699,245.14871215820312
1700,244.52346801757812
1701,245.11306762695312
1702,245.31985473632812
1703,244.96414184570312
1704,244.39749145507812
1705,245.15896606445312
1706,244.95169067382812
1707,244.74832153320312
1708,244.75588989257812
1709,245.16970825195312
1710,244.93508911132812
1711,244.98562622070312
1712,245.20803833007812
1713,245.18435668945312
1714,244.47317504882812
1715,245.07839965820312
1716,244.73831176757812
1717,244.83181762695312
1718,244.77688598632812
1719,245.15554809570312
1720,244.45608520507812
1721,244.91287231445312
1722,244.96340942382812
1723,245.20144653320312
1724,244.68948364257812
1725,245.00173950195312
1726,244.86087036132812
1727,245.09890747070312
1728,245.07913208007812
1729,245.00466918945312
1730,244.78176879882812
1731,245.15261840820312
1732,244.70315551757812
1733,245.30838012695312
1734,245.32766723632812
1735,244.88992309570312
1736,244.60842895507812
1737,245.15896606445312
1738,244.58450317382812
1739,244.93582153320312
1740,244.76370239257812
1741,245.18533325195312
1742,244.76321411132812
1743,244.81375122070312
1744,245.01272583007812
1745,245.02029418945312
1746,244.78567504882812
1747,245.03543090820312
1748,244.74612426757812
1749,244.81619262695312
1750,244.88626098632812
1751,245.00320434570312
1752,244.85452270507812
1753,244.82302856445312
1754,245.04934692382812
1755,245.12722778320312
1756,244.6035614013672
1757,244.9900360107422
1758,244.9390106201172
1759,244.9700164794922
1760,243.9463348388672
1761,244.9304656982422
1762,244.8208465576172
1763,244.7776336669922
1764,244.5859832763672
1765,245.1482391357422
1766,245.0698699951172
1767,244.7102508544922
1768,244.5068817138672
1769,245.0378875732422
1770,244.6548309326172
1771,244.7873992919922
1772,244.5059051513672
1773,245.1306610107422
1774,244.8179168701172
1775,244.9856414794922
1776,244.2549285888672
1777,244.9382781982422
1778,244.7935028076172
1779,245.0901336669922
1780,244.5820770263672
1781,244.8279266357422
1782,244.5815887451172
1783,244.9915008544922
1784,244.4092254638672
1785,244.7644500732422
1786,245.0181121826172
1787,245.0569305419922
1788,244.6113739013672
1789,245.0915985107422
1790,244.8530731201172
1791,244.9582977294922
1792,241.5635223388672
1793,245.0476531982422
1794,244.8599090576172
1795,244.8323211669922
1796,244.6875457763672
1797,245.2146453857422
1798,245.0933074951172
1799,244.9563446044922
1800,244.3115692138672
1801,245.1746063232422
1802,244.6704559326172
1803,244.7795867919922
1804,244.5605926513672
1805,245.0642547607422
1806,244.8804168701172
1807,245.2707977294922
1808,244.4346160888672
1809,244.8132781982422
1810,244.7856903076172
1811,245.0940399169922
1812,244.8242645263672
1813,244.7380828857422
1814,244.8862762451172
1815,245.1204071044922
1816,244.5889129638672
1817,244.8816375732422
1818,245.0259246826172
1819,245.0217742919922
1820,244.6035614013672
1821,245.0408172607422
1822,245.1265106201172
1823,244.9504852294922
1824,243.1807098388672
1825,245.0437469482422
1826,244.7974090576172
1827,244.6799774169922
1828,244.7891082763672
1829,245.1443328857422
1830,245.2183074951172
1831,244.8743133544922
1832,245.0850067138672
1833,245.1003875732422
1834,244.8188934326172
1835,244.8420867919922
1836,244.3809051513672
1837,244.8650360107422
1838,244.8022918701172
1839,244.9895477294922
1840,244.7393035888672
1841,244.7703094482422
1842,244.7935028076172
1843,244.9924774169922
1844,244.97267150878906
1845,244.73023986816406
1846,245.07374572753906
1847,244.94850158691406
1848,244.95606994628906
1849,244.94020080566406
1850,245.12745666503906
1851,245.00611877441406
1852,244.68946838378906
1853,245.08766174316406
1854,245.15773010253906
1855,244.81764221191406
1856,247.04786682128906
1857,244.99293518066406
1858,244.68019104003906
1859,244.64869689941406
1860,244.90626525878906
1861,245.07789611816406
1862,244.93702697753906
1863,244.88990783691406
1864,244.88966369628906
1865,245.15113830566406
1866,244.61573791503906
1867,245.00221252441406
1868,244.82618713378906
1869,244.81031799316406
1870,244.81007385253906
1871,245.02076721191406
1872,245.60646057128906
1873,244.78201293945312
1874,244.96536254882812
1875,244.98464965820312
1876,245.10549926757812
1877,244.79666137695312
1878,244.96438598632812
1879,244.94070434570312
1880,244.07327270507812
1881,244.97537231445312
1882,245.08059692382812
1883,244.85379028320312
1884,244.63479614257812
1885,244.91580200195312
1886,245.25149536132812
1887,244.57937622070312
1888,244.54006958007812
1889,244.93435668945312
1890,244.68801879882812
1891,244.59402465820312
1892,245.17971801757812
1893,245.06228637695312
1894,245.08547973632812
1895,244.80398559570312
1896,244.63186645507812
1897,244.79177856445312
1898,244.72512817382812
1899,244.96316528320312
1900,244.72463989257812
1901,244.72048950195312
1902,244.93508911132812
1903,244.97000122070312
1904,245.28616333007812
1905,244.67654418945312
1906,245.10598754882812
1907,244.97293090820312
1908,244.80081176757812
1909,244.79275512695312
1910,245.15188598632812
1911,244.87429809570312
1912,244.19044494628906
1913,244.95582580566406
1914,244.98683166503906
1915,244.85377502441406
1916,245.17384338378906
1917,244.96266174316406
1918,245.10304260253906
1919,244.55982971191406
1920,246.03224182128906
1921,245.00074768066406
1922,244.79737854003906
1923,244.66822814941406
1924,244.92189025878906
1925,244.98805236816406
1926,244.76515197753906
1927,244.97193908691406
1928,245.03028869628906
1929,244.79957580566406
1930,244.82667541503906
1931,245.02565002441406
1932,244.85743713378906
1933,244.51734924316406
1934,244.80226135253906
1935,245.00514221191406
1936,244.90333557128906
1937,244.83277893066406
1938,245.16065979003906
1939,245.00416564941406
1940,244.68360900878906
1941,244.90992736816406
1942,244.97218322753906
1943,244.88600158691406
1944,244.12013244628906
1945,244.82301330566406
1946,244.83058166503906
1947,244.66236877441406
1948,245.13478088378906
1949,245.05250549316406
1950,245.02491760253906
1951,244.60279846191406
1952,244.27442932128906
1953,244.91481018066406
1954,244.71925354003906
1955,244.79322814941406
1956,245.10157775878906
1957,245.04273986816406
1958,244.63233947753906
1959,245.11256408691406
1960,244.92872619628906
1961,244.65113830566406
1962,244.97511291503906
1963,245.01393127441406
1964,245.33399963378906
1965,244.68141174316406
1966,244.69288635253906
1967,244.96217346191406
1968,243.77052307128906
1969,244.79371643066406
1970,245.20753479003906
1971,244.97682189941406
1972,244.78517150878906
1973,244.92164611816406
1974,244.97999572753906
1975,244.82740783691406
1976,244.61231994628906
1977,244.91285705566406
1978,244.72120666503906
1979,244.65455627441406
1980,245.34571838378906
1981,244.98219299316406
1982,244.75148010253906
1983,244.74342346191406
1984,245.76661682128906
1985,244.93434143066406
1986,244.49269104003906
1987,244.81666564941406
1988,245.12501525878906
1989,244.78883361816406
1990,244.64016723632812
1991,245.23367309570312
1992,245.13967895507812
1993,244.69021606445312
1994,244.92825317382812
1995,244.86550903320312
1996,245.20120239257812
1997,244.72048950195312
1998,244.98196411132812
1999,244.92703247070312
2000,244.51272583007812
2001,244.95388793945312
2002,245.02005004882812
2003,244.92996215820312
2004,245.19924926757812
2005,244.76150512695312
2006,244.90188598632812
2007,244.90945434570312
2008,245.04202270507812
2009,245.11599731445312
2010,244.39309692382812
2011,244.58035278320312
2012,245.21292114257812
2013,244.98611450195312
2014,244.69680786132812
2015,244.94265747070312
2016,244.63381958007812
2017,244.85623168945312
2018,244.03958129882812
2019,244.80105590820312
2020,245.35159301757812
2021,244.60525512695312
2022,244.43704223632812
2023,244.92117309570312
2024,244.60061645507812
2025,244.44021606445312
2026,244.68606567382812
2027,244.84597778320312
2028,244.88088989257812
2029,244.85330200195312
2030,244.84915161132812
2031,244.84109497070312
2032,244.69241333007812
2033,244.93826293945312
2034,245.01223754882812
2035,244.78543090820312
2036,244.84768676757812
2037,244.73416137695312
2038,244.90969848632812
2039,244.59304809570312
2040,244.22171020507812
2041,244.90505981445312
2042,244.25247192382812
2043,244.39285278320312
2044,245.20510864257812
2045,244.59939575195312
2046,244.43118286132812
2047,244.73562622070312
2048,239.50146484375
2049,244.72389221191406
2050,244.31349182128906
2051,244.68043518066406
2052,245.14112854003906
2053,244.36354064941406
2054,244.19532775878906
2055,244.99195861816406
2056,244.21827697753906
2057,244.55787658691406
2058,245.06935119628906
2059,244.80348205566406
2060,244.98292541503906
2061,244.81861877441406
2062,245.05274963378906
2063,245.03297424316406
2064,244.62257385253906
2065,244.87623596191406
2066,244.83302307128906
2067,244.91871643066406
2068,245.02784729003906
2069,244.89869689941406
2070,244.67579650878906
2071,244.48023986816406
2072,244.30812072753906
2073,244.99537658691406
2074,244.54200744628906
2075,244.74879455566406
2076,245.46339416503906
2077,244.89283752441406
2078,244.21290588378906
2079,244.91578674316406
2080,244.86866760253906
2081,245.04029846191406
2082,244.82130432128906
2083,245.02418518066406
2084,245.30519104003906
2085,244.69947814941406
2086,244.46095275878906
2087,245.17164611816406
2088,245.36671447753906
2089,245.03834533691406
2090,244.99903869628906
2091,244.92848205566406
2092,245.31886291503906
2093,245.11940002441406
2094,245.18556213378906
2095,245.03297424316406
2096,244.61476135253906
2097,245.07154846191406
2098,245.12989807128906
2099,244.83668518066406
2100,245.28565979003906
2101,244.97682189941406
2102,244.94142150878906
2103,244.79664611816406
2104,245.30030822753906
2105,245.17115783691406
2106,244.82325744628906
2107,244.97488403320312
2108,245.37698364257812
2109,244.96658325195312
2110,244.57180786132812
2111,245.09890747070312
2112,245.73538208007812
2113,244.81326293945312
2114,244.97708129882812
2115,245.09793090820312
2116,245.43753051757812
2117,244.74588012695312
2118,244.56204223632812
2119,245.04226684570312
2120,244.76467895507812
2121,244.98709106445312
2122,245.31106567382812
2123,244.98269653320312
2124,244.99807739257812
2125,245.04470825195312
2126,245.23196411132812
2127,244.90359497070312
2128,243.91897583007812
2129,245.00857543945312
2130,244.94192504882812
2131,244.80496215820312
2132,245.26174926757812
2133,245.13259887695312
2134,244.98001098632812
2135,244.82742309570312
2136,245.01077270507812
2137,245.21365356445312
2138,244.87747192382812
2139,245.13894653320312
2140,245.19729614257812
2141,244.90408325195312
2142,244.73587036132812
2143,245.15359497070312
2144,244.22756958007812
2145,244.80935668945312
2146,245.18801879882812
2147,245.16043090820312
2148,245.25784301757812
2149,244.90213012695312
2150,244.81985473632812
2151,245.03836059570312
2152,244.69436645507812
2153,245.20193481445312
2154,245.22512817382812
2155,245.08425903320312
2156,245.19338989257812
2157,245.18533325195312
2158,245.27102661132812
2159,245.11062622070312
2160,245.41116333007812
2161,245.12966918945312
2162,244.91067504882812
2163,244.63699340820312
2164,245.12893676757812
2165,245.15994262695312
2166,244.96438598632812
2167,244.95632934570312
2168,245.06546020507812
2169,245.14724731445312
2170,244.81497192382812
2171,245.11941528320312
2172,245.00198364257812
2173,244.82205200195312
2174,244.92337036132812
2175,245.25515747070312
2176,245.96975708007812
2177,244.84060668945312
2178,245.20364379882812
2179,245.11746215820312
2180,245.29690551757812
2181,244.98416137695312
2182,245.12454223632812
2183,245.10086059570312
2184,244.53030395507812
2185,245.05006408691406
2186,245.24122619628906
2187,244.98707580566406
2188,244.99855041503906
2189,245.09205627441406
2190,245.34181213378906
2191,244.82203674316406
2192,245.77882385253906
2193,245.25123596191406
2194,245.12989807128906
2195,244.91481018066406
2196,245.02784729003906
2197,245.08619689941406
2198,244.87110900878906
2199,244.99195861816406
2200,244.83937072753906
2201,245.03443908691406
2202,245.16700744628906
2203,245.27223205566406
2204,245.44776916503906
2205,244.76783752441406
2206,245.02540588378906
2207,245.07594299316406
2208,244.71241760253906
2209,244.92311096191406
2210,245.46974182128906
2211,245.20777893066406
2212,244.83644104003906
2213,245.14479064941406
2214,245.41407775878906
2215,245.16383361816406
2216,244.36671447753906
2217,245.26881408691406
2218,245.38185119628906
2219,245.21363830566406
2220,245.20948791503906
2221,245.18971252441406
2222,245.29493713378906
2223,244.97047424316406
2224,245.64553833007812
2225,245.30545043945312
2226,245.16067504882812
2227,245.09011840820312
2228,245.01956176757812
2229,245.31619262695312
2230,244.76126098632812
2231,245.37820434570312
2232,245.33108520507812
2233,245.13162231445312
2234,245.23684692382812
2235,245.33035278320312
2236,245.20510864257812
2237,245.04861450195312
2238,244.96243286132812
2239,245.27859497070312
2240,247.45413208007812
2241,245.03201293945312
2242,245.50051879882812
2243,245.28543090820312
2244,245.18753051757812
2245,245.26541137695312
2246,245.26516723632812
2247,245.17507934570312
2248,245.10842895507812
2249,245.16287231445312
2250,245.43606567382812
2251,245.02175903320312
2252,245.24807739257812
2253,245.302978515625
2254,245.037109375
2255,245.052490234375
2256,244.88818359375
2257,245.352783203125
2258,245.1064453125
2259,245.129638671875
2260,244.73095703125
2261,245.070556640625
2262,244.91015625
2263,245.464599609375
2264,245.10498046875
2265,245.132080078125
2266,245.4404296875
2267,245.342529296875
2268,245.08837890625
2269,244.978759765625
2270,245.142578125
2271,245.384521484375
2272,243.19677734375
2273,245.247314453125
2274,245.3994140625
2275,245.285888671875
2276,244.89892578125
2277,245.347900390625
2278,245.125
2279,245.175537109375
2280,244.56982421875
2281,245.401611328125
2282,245.2021484375
2283,244.994873046875
2284,245.20947265625
2285,245.451416015625
2286,245.021484375
2287,245.126708984375
2288,244.38037109375
2289,245.606689453125
2290,245.2783203125
2291,245.414794921875
2292,244.94189453125
2293,245.129150390625
2294,244.87109375
2295,245.441162109375
2296,244.59716796875
2297,245.354736328125
2298,245.3232421875
2299,245.510498046875
2300,244.84619140625
2301,245.088134765625
2302,245.150390625
2303,245.302490234375
2304,242.43896484375
2305,245.329345703125
2306,245.1650390625
2307,245.336669921875
2308,244.79736328125
2309,245.441650390625
2310,245.3828125
2311,245.054443359375
2312,244.53076171875
2313,245.370361328125
2314,244.9365234375
2315,245.217529296875
2316,244.68603515625
2317,245.533447265625
2318,245.287109375
2319,245.239990234375
2320,244.49755859375
2321,245.403564453125
2322,245.2080078125
2323,245.528076171875
2324,244.77783203125
2325,245.125244140625
2326,244.95703125
2327,245.327880859375
2328,244.93310546875
2329,245.042236328125
2330,245.4482421875
2331,245.615966796875
2332,245.08837890625
2333,245.131103515625
2334,245.345703125
2335,245.275146484375
2336,244.80615234375
2337,245.266845703125
2338,245.2978515625
2339,245.336669921875
2340,245.05517578125
2341,245.61354064941406
2342,245.46095275878906
2343,245.24977111816406
2344,245.21046447753906
2345,245.35475158691406
2346,245.24122619628906
2347,245.22535705566406
2348,245.00636291503906
2349,245.56080627441406
2350,245.12306213378906
2351,245.43141174316406
2352,245.48976135253906
2353,245.25514221191406
2354,245.25489807128906
2355,245.50074768066406
2356,245.08253479003906
2357,245.31275939941406
2358,244.95704650878906
2359,245.58180236816406
2360,244.86280822753906
2361,245.25709533691406
2362,245.80763244628906
2363,245.56910705566406
2364,245.11183166503906
2365,245.49049377441406
2366,245.29103088378906
2367,245.43531799316406
2368,246.17335510253906
2369,245.42311096191406
2370,245.31349182128906
2371,245.27809143066406
2372,245.23487854003906
2373,245.73072814941406
2374,245.42970275878906
2375,245.37477111816406
2376,245.04640197753906
2377,245.46412658691406
2378,245.29591369628906
2379,245.28395080566406
2380,245.45167541503906
2381,245.56471252441406
2382,245.01368713378906
2383,245.64625549316406
2384,245.79444885253906
2385,245.35279846191406
2386,245.34864807128906
2387,245.64137268066406
2388,245.41847229003906
2389,245.30885314941406
2390,245.40235900878906
2391,245.71852111816406
2392,244.60499572753906
2393,245.40943908691406
2394,245.77638244628906
2395,245.55738830566406
2396,244.91651916503906
2397,245.58424377441406
2398,245.55665588378906
2399,245.52906799316406
2400,244.66554260253906
2401,245.60279846191406
2402,245.18067932128906
2403,245.23902893066406
2404,245.28956604003906
2405,245.67604064941406
2406,245.46095275878906
2407,245.26148986816406
2408,245.69483947753906
2409,245.62818908691406
2410,245.43653869628906
2411,245.51051330566406
2412,245.13136291503906
2413,245.45533752441406
2414,245.31837463378906
2415,245.67750549316406
2416,245.41163635253906
2417,245.48951721191406
2418,245.58302307128906
2419,245.78199768066406
2420,245.22315979003906
2421,245.37525939941406
2422,245.49610900878906
2423,245.56617736816406
2424,244.84718322753906
2425,245.59303283691406
2426,245.76075744628906
2427,245.64332580566406
2428,245.28370666503906
2429,245.61940002441406
2430,245.65040588378906
2431,245.41578674316406
2432,245.40773010253906
2433,245.70826721191406
2434,245.50880432128906
2435,245.43824768066406
2436,245.42237854003906
2437,245.76588439941406
2438,245.75001525878906
2439,245.48414611816406
2440,245.31202697753906
2441,245.68287658691406
2442,245.55372619628906
2443,245.67066955566406
2444,245.54542541503906
2445,245.52174377441406
2446,245.59181213378906
2447,245.77516174316406
2448,245.65382385253906
2449,245.45436096191406
2450,245.70802307128906
2451,245.75465393066406
2452,245.35597229003906
2453,245.46900939941406
2454,245.53517150878906
2455,245.64820861816406
2456,245.24562072753906
2457,245.58522033691406
2458,245.78372192382812
2459,245.72488403320312
2460,245.44729614257812
2461,245.68142700195312
2462,245.87649536132812
2463,245.54421997070312
2464,245.64944458007812
2465,245.70388793945312
2466,245.39895629882812
2467,245.59402465820312
2468,245.74221801757812
2469,245.76541137695312
2470,245.64016723632812
2471,245.61648559570312
2472,245.99124145507812
2473,245.54177856445312
2474,245.77200317382812
2475,245.72097778320312
2476,245.89651489257812
2477,245.54470825195312
2478,245.37258911132812
2479,245.68484497070312
2480,245.70803833007812
2481,245.40701293945312
2482,245.79348754882812
2483,245.66433715820312
2484,245.78518676757812
2485,245.64431762695312
2486,245.76907348632812
2487,245.74539184570312
2488,245.39358520507812
2489,245.80740356445312
2490,246.12747192382812
2491,245.76004028320312
2492,245.65823364257812
2493,245.82595825195312
2494,245.85305786132812
2495,245.63796997070312
2496,245.64163208007812
2497,245.76248168945312
2498,245.53176879882812
2499,245.67996215820312
2500,245.68753051757812
2501,245.83572387695312
2502,245.67922973632812
2503,245.75320434570312
2504,245.67092895507812
2505,245.68240356445312
2506,245.90481567382812
2507,245.95144653320312
2508,246.12307739257812
2509,245.65408325195312
2510,245.51321411132812
2511,245.87625122070312
2512,245.45022583007812
2513,245.71951293945312
2514,246.09817504882812
2515,245.95730590820312
2516,245.98049926757812
2517,245.91384887695312
2518,245.81594848632812
2519,245.80398559570312
2520,245.41702270507812
2521,245.85427856445312
2522,245.97903442382812
2523,245.70535278320312
2524,245.82229614257812
2525,245.99783325195312
2526,245.79837036132812
2527,245.63015747070312
2528,245.38381958007812
2529,245.89138793945312
2530,245.45364379882812
2531,245.78933715820312
2532,245.89846801757812
2533,245.83572387695312
2534,245.62454223632812
2535,245.85086059570312
2536,246.19436645507812
2537,245.69412231445312
2538,246.00637817382812
2539,246.00222778320312
2540,245.86526489257812
2541,245.74002075195312
2542,245.72415161132812
2543,245.97781372070312
2544,245.69241333007812
2545,245.87966918945312
2546,246.02786254882812
2547,245.91433715820312
2548,245.83206176757812
2549,245.98416137695312
2550,246.05813598632812
2551,245.85476684570312
2552,245.59671020507812
2553,246.02615356445312
2554,245.99465942382812
2555,245.84597778320312
2556,246.18948364257812
2557,246.08767700195312
2558,245.72805786132812
2559,245.89968872070312
2560,245.37600708007812
2561,245.98904418945312
2562,245.57864379882812
2563,245.99246215820312
2564,246.03128051757812
2565,245.86306762695312
2566,245.72610473632812
2567,246.06570434570312
2568,245.71780395507812
2569,245.82693481445312
2570,246.19387817382812
2571,245.97879028320312
2572,246.24807739257812
2573,245.79470825195312
2574,245.84133911132812
2575,246.0754852294922
2576,245.8096160888672
2577,245.9226531982422
2578,246.0513153076172
2579,246.1057586669922
2580,246.0742645263672
2581,245.9646453857422
2582,246.1128387451172
2583,245.9485321044922
2584,245.7451629638672
2585,246.1550750732422
2586,246.0102996826172
2587,245.9319305419922
2588,246.1973114013672
2589,246.0642547607422
2590,245.8843231201172
2591,245.9270477294922
2592,245.8682098388672
2593,245.9929656982422
2594,245.5786590576172
2595,245.9690399169922
2596,246.1328582763672
2597,245.7537078857422
2598,245.7808074951172
2599,246.0227508544922
2600,246.6162567138672
2601,245.8855438232422
2602,246.2329559326172
2603,246.1623992919922
2604,246.0059051513672
2605,245.7830047607422
2606,245.8726043701172
2607,245.9387664794922
2608,245.6143035888672
2609,245.9851531982422
2610,246.0356903076172
2611,246.0471649169922
2612,246.1133270263672
2613,245.9099578857422
2614,246.2690887451172
2615,245.9719696044922
2616,245.9561004638672
2617,246.1121063232422
2618,246.0181121826172
2619,246.0217742919922
2620,246.0801239013672
2621,246.0056610107422
2622,245.8921356201172
2623,245.8840789794922
2624,245.6103973388672
2625,245.8796844482422
2626,245.8520965576172
2627,246.1370086669922
2628,246.0781707763672
2629,245.9255828857422
2630,245.7104949951172
2631,245.9446258544922
2632,246.0459442138672
2633,245.8621063232422
2634,246.4751434326172
2635,246.2639617919922
2636,246.3418426513672
2637,246.0798797607422
2638,246.0210418701172
2639,246.0247039794922
2640,245.6064910888672
2641,245.9617156982422
2642,245.9810028076172
2643,246.0940399169922
2644,246.2461395263672
2645,246.1404266357422
2646,246.2612762451172
2647,245.8391571044922
2648,246.2920379638672
2649,246.0691375732422
2650,246.2056121826172
2651,246.0100555419922
2652,245.9316864013672
2653,245.9783172607422
2654,245.6811981201172
2655,245.9856414794922
2656,245.8525848388672
2657,245.9109344482422
2658,246.0005340576172
2659,246.2463836669922
2660,246.2109832763672
2661,246.0349578857422
2662,245.8589324951172
2663,246.18727111816406
2664,246.81983947753906
2665,245.93287658691406
2666,246.45216369628906
2667,246.12379455566406
2668,246.44386291503906
2669,246.15455627441406
2670,246.16212463378906
2671,246.05250549316406
2672,246.09913635253906
2673,246.16920471191406
2674,246.09864807128906
2675,245.96949768066406
2676,246.23878479003906
2677,246.07838439941406
2678,246.01173400878906
2679,245.95680236816406
2680,245.81593322753906
2681,246.14381408691406
2682,246.19825744628906
2683,246.08082580566406
2684,246.42433166503906
2685,246.08424377441406
2686,245.97853088378906
2687,246.19703674316406
2688,247.84523010253906
2689,245.95826721191406
2690,246.03224182128906
2691,246.29762268066406
2692,246.15628051757812
2693,245.96463012695312
2694,245.92922973632812
2695,246.25320434570312
2696,245.81155395507812
2697,246.10427856445312
2698,246.38919067382812
2699,246.18582153320312
2700,246.23245239257812
2701,246.02127075195312
2702,246.17727661132812
2703,246.13796997070312
2704,245.96585083007812
2705,246.25076293945312
2706,245.98880004882812
2707,246.10964965820312
2708,246.19924926757812
2709,246.13259887695312
2710,246.23782348632812
2711,245.97195434570312
2712,246.43264770507812
2713,246.16287231445312
2714,246.22122192382812
2715,246.26004028320312
2716,246.29104614257812
2717,246.13455200195312
2718,246.08743286132812
2719,246.15359497070312
2720,247.21194458007812
2721,246.09451293945312
2722,246.16458129882812
2723,246.44168090820312
2724,246.25784301757812
2725,246.10916137695312
2726,246.40579223632812
2727,246.20242309570312
2728,246.33499145507812
2729,246.19802856445312
2730,246.52981567382812
2731,246.27516174316406
2732,246.13038635253906
2733,246.22779846191406
2734,246.43458557128906
2735,246.11402893066406
2736,246.08253479003906
2737,246.19557189941406
2738,246.01954650878906
2739,246.16383361816406
2740,246.08155822753906
2741,246.21803283691406
2742,246.22169494628906
2743,246.00270080566406
2744,246.29933166503906
2745,246.20924377441406
2746,246.29884338378906
2747,246.30641174316406
2748,246.14210510253906
2749,246.12623596191406
2750,246.00880432128906
2751,246.26246643066406
2752,246.82862854003906
2753,246.01588439941406
2754,246.35939025878906
2755,246.45289611816406
2756,246.20265197753906
2757,246.20631408691406
2758,246.45216369628906
2759,246.33863830566406
2760,245.82667541503906
2761,246.11549377441406
2762,246.75587463378906
2763,246.30641174316406
2764,246.37257385253906
2765,246.29029846191406
2766,246.37989807128906
2767,246.17262268066406
2768,245.57472229003906
2769,246.13697814941406
2770,245.99610900878906
2771,246.12477111816406
2772,246.12062072753906
2773,246.23365783691406
2774,246.46388244628906
2775,246.22535705566406
2776,246.54151916503906
2777,246.24049377441406
2778,246.55665588378906
2779,246.35328674316406
2780,246.24366760253906
2781,246.10670471191406
2782,246.03224182128906
2783,246.34059143066406
2784,245.07081604003906
2785,246.14088439941406
2786,246.34376525878906
2787,246.31227111816406
2788,246.13233947753906
2789,246.30397033691406
2790,246.35060119628906
2791,246.28395080566406
2792,246.22511291503906
2793,246.24049377441406
2794,246.60743713378906
2795,246.27125549316406
2796,246.45851135253906
2797,246.22389221191406
2798,246.42677307128906
2799,246.16481018066406
2800,245.75440979003906
2801,246.43385314941406
2802,246.29298400878906
2803,246.22633361816406
2804,246.19093322753906
2805,246.33131408691406
2806,246.17481994628906
2807,246.37379455566406
2808,246.50245666503906
2809,246.37673950195312
2810,246.60305786132812
2811,246.41140747070312
2812,246.00100708007812
2813,246.11795043945312
2814,246.14114379882812
2815,246.44949340820312
2816,247.31253051757812
2817,246.22634887695312
2818,246.42922973632812
2819,246.47195434570312
2820,246.20217895507812
2821,246.24490356445312
2822,246.58450317382812
2823,246.41238403320312
2824,245.87307739257812
2825,246.27908325195312
2826,246.52883911132812
2827,246.32156372070312
2828,246.18460083007812
2829,246.41873168945312
2830,246.59036254882812
2831,246.24246215820312
2832,246.18362426757812
2833,246.42556762695312
2834,246.22219848632812
2835,246.47195434570312
2836,246.15139770507812
2837,246.29177856445312
2838,246.48684692382812
2839,246.36160278320312
2840,246.83792114257812
2841,246.16189575195312
2842,246.51712036132812
2843,246.56375122070312
2844,246.55569458007812
2845,246.08670043945312
2846,246.32864379882812
2847,246.32058715820312
2848,246.17971801757812
2849,246.21072387695312
2850,246.25735473632812
2851,246.45242309570312
2852,245.86624145507812
2853,246.41287231445312
2854,246.56887817382812
2855,246.38113403320312
2856,246.39651489257812
2857,246.17752075195312
2858,246.51321411132812
2859,246.29031372070312
2860,246.27053833007812
2861,246.42263793945312
2862,246.46536254882812
2863,246.18386840820312
2864,246.80081176757812
2865,246.42166137695312
2866,246.09719848632812
2867,246.50711059570312
2868,245.9722137451172
2869,246.3235321044922
2870,246.3389129638672
2871,246.3464813232422
2872,246.4243621826172
2873,246.0764617919922
2874,246.7129364013672
2875,246.5134735107422
2876,246.0796356201172
2877,246.2981414794922
2878,246.3369598388672
2879,246.4382781982422
2880,246.5474090576172
2881,246.2268524169922
2882,246.4609832763672
2883,246.4724578857422
2884,245.9370574951172
2885,246.4875946044922
2886,246.5225067138672
2887,246.3542938232422
2888,245.9829559326172
2889,246.3967742919922
2890,246.4512176513672
2891,246.3025360107422
2892,246.2007293701172
2893,246.4426727294922
2894,246.2783660888672
2895,246.2820281982422
2896,246.2310028076172
2897,246.3362274169922
2898,246.0820770263672
2899,246.5935516357422
2900,245.9487762451172
2901,246.4211883544922
2902,246.2373504638672
2903,246.5027313232422
2904,246.6977996826172
2905,246.0764617919922
2906,246.7129364013672
2907,246.4783172607422
2908,245.8374481201172
2909,246.2551727294922
2910,246.1885223388672
2911,246.3445281982422
2912,246.5395965576172
2913,246.2971649169922
2914,246.2031707763672
2915,246.4451141357422
2916,245.8823699951172
2917,246.3352508544922
2918,246.5459442138672
2919,246.2839813232422
2920,246.8188934326172
2921,246.4123992919922
2922,246.3809051513672
2923,246.2400360107422
2924,246.2866668701172
2925,246.4192352294922
2926,246.35650634765625
2927,246.48907470703125
2928,245.72320556640625
2929,246.32452392578125
2930,246.18365478515625
2931,246.46856689453125
2932,245.81597900390625
2933,246.16729736328125
2934,246.25299072265625
2935,246.43243408203125
2936,245.97125244140625
2937,246.23663330078125
2938,246.55670166015625
2939,246.39630126953125
2940,245.90777587890625
2941,246.25909423828125
2942,246.29791259765625
2943,246.40704345703125
2944,245.28179931640625
2945,246.39483642578125
2946,246.14849853515625
2947,246.40606689453125
2948,245.92144775390625
2949,246.47979736328125
2950,246.58502197265625
2951,246.28790283203125
2952,245.84234619140625
2953,246.30694580078125
2954,246.29498291015625
2955,246.34552001953125
2956,245.95074462890625
2957,246.43487548828125
2958,246.43463134765625
2959,246.48907470703125
2960,245.59039306640625
2961,246.30499267578125
2962,246.46490478515625
2963,246.63653564453125
2964,246.44879150390625
2965,246.26495361328125
2966,246.28424072265625
2967,246.39727783203125
2968,246.58843994140625
2969,246.27178955078125
2970,246.77545166015625
2971,246.53302001953125
2972,246.29058837890625
2973,246.43096923828125
2974,246.32916259765625
2975,246.35235595703125
2976,247.27398681640625
2977,246.37139892578125
2978,246.27349853515625
2979,246.39044189453125
2980,246.00738525390625
2981,246.33917236328125
2982,246.55377197265625
2983,246.24102783203125
2984,246.61578369140625
2985,246.47100830078125
2986,246.62310791015625
2987,246.48223876953125
2988,246.11480712890625
2989,246.45050048828125
2990,246.21588134765625
2991,246.54766845703125
2992,246.64508056640625
2993,246.18780517578125
2994,246.44927978515625
2995,246.50762939453125
2996,246.05035400390625
2997,246.21807861328125
2998,246.52642822265625
2999,246.55743408203125
3000,246.48687744140625
3001,246.42022705078125
3002,246.64263916015625
3003,246.47052001953125
3004,245.8921356201172
3005,246.4231414794922
3006,246.5478973388672
3007,246.3367156982422
3008,247.0161590576172
3009,246.4807586669922
3010,246.1719207763672
3011,246.3279266357422
3012,246.1089324951172
3013,246.4094696044922
3014,246.5693817138672
3015,246.3347625732422
3016,246.4204559326172
3017,246.4553680419922
3018,246.4277801513672
3019,246.5759735107422
3020,246.2163543701172
3021,246.4153289794922
3022,246.4111785888672
3023,246.5203094482422
3024,246.8247528076172
3025,246.1916961669922
3026,246.5898895263672
3027,246.4529266357422
3028,246.0737762451172
3029,246.3157196044922
3030,246.5811004638672
3031,246.2527313232422
3032,246.0102996826172
3033,246.4241180419922
3034,246.6816864013672
3035,246.4275360107422
3036,246.0874481201172
3037,246.2825164794922
3038,246.5400848388672
3039,246.2078094482422
3040,247.1333465576172
3041,246.2698211669922
3042,246.3828582763672
3043,246.35137939453125
3044,246.19488525390625
3045,246.53057861328125
3046,246.47564697265625
3047,246.42462158203125
3048,246.78765869140625
3049,246.41241455078125
3050,246.55279541015625
3051,246.56427001953125
3052,246.39605712890625
3053,246.27081298828125
3054,246.34869384765625
3055,246.41876220703125
3056,246.44195556640625
3057,246.06671142578125
3058,246.51959228515625
3059,246.38653564453125
3060,246.15972900390625
3061,246.33135986328125
3062,246.51080322265625
3063,246.43243408203125
3064,246.40875244140625
3065,246.38507080078125
3066,246.67388916015625
3067,246.32208251953125
3068,246.31402587890625
3069,246.40753173828125
3070,246.70416259765625
3071,246.21563720703125
3072,243.25099182128906
3073,246.23512268066406
3074,246.33644104003906
3075,246.16432189941406
3076,245.96876525878906
3077,246.40992736816406
3078,246.49171447753906
3079,246.42897033691406
3080,246.34278869628906
3081,246.21754455566406
3082,246.47511291503906
3083,246.43971252441406
3084,246.43556213378906
3085,246.18531799316406
3086,246.52101135253906
3087,246.29811096191406
3088,245.68458557128906
3089,246.26637268066406
3090,246.47315979003906
3091,246.28541564941406
3092,246.35548400878906
3093,246.39820861816406
3094,246.66749572753906
3095,246.54615783691406
3096,246.12013244628906
3097,246.35816955566406
3098,246.43995666503906
3099,246.34205627441406
3100,246.47853088378906
3101,246.38844299316406
3102,246.71241760253906
3103,246.16920471191406
3104,245.86817932128906
3105,246.35621643066406
3106,246.24269104003906
3107,246.27369689941406
3108,246.08595275878906
3109,246.35133361816406
3110,246.31202697753906
3111,246.36647033691406
3112,246.27247619628906
3113,246.28395080566406
3114,246.59230041503906
3115,246.41236877441406
3116,246.09962463378906
3117,246.22828674316406
3118,246.33351135253906
3119,246.39186096191406
3120,245.80177307128906
3121,246.43824768066406
3122,246.50440979003906
3123,246.48854064941406
3124,246.22267150878906
3125,246.28102111816406
3126,246.65187072753906
3127,246.35475158691406
3128,246.33106994628906
3129,246.48707580566406
3130,246.35401916503906
3131,246.29127502441406
3132,246.42384338378906
3133,246.16578674316406
3134,246.43898010253906
3135,246.13404846191406
3136,245.48536682128906
3137,246.34059143066406
3138,246.05519104003906
3139,246.38697814941406
3140,245.98439025878906
3141,246.24977111816406
3142,246.38233947753906
3143,246.41725158691406
3144,246.42091369628906
3145,246.24488830566406
3146,246.42042541503906
3147,246.51002502441406
3148,246.38868713378906
3149,246.26734924316406
3150,246.52882385253906
3151,246.30592346191406
3152,245.91896057128906
3153,246.37574768066406
3154,246.39503479003906
3155,246.49635314941406
3156,246.08985900878906
3157,246.30055236816406
3158,246.71437072753906
3159,246.36256408691406
3160,246.63528442382812
3161,246.35769653320312
3162,246.41604614257812
3163,246.15408325195312
3164,246.44680786132812
3165,246.39968872070312
3166,246.50881958007812
3167,246.21560668945312
3168,247.35208129882812
3169,246.25027465820312
3170,246.16409301757812
3171,246.24978637695312
3172,246.35110473632812
3173,246.41726684570312
3174,246.35842895507812
3175,246.25271606445312
3176,246.85012817382812
3177,246.17410278320312
3178,246.56057739257812
3179,246.38845825195312
3180,246.44290161132812
3181,246.41140747070312
3182,246.25491333007812
3183,246.41873168945312
3184,245.84817504882812
3185,246.18777465820312
3186,246.31643676757812
3187,246.22244262695312
3188,246.09719848632812
3189,246.31961059570312
3190,246.47952270507812
3191,246.19021606445312
3192,246.06497192382812
3193,246.23269653320312
3194,246.24417114257812
3195,246.14627075195312
3196,245.82962036132812
3197,246.31375122070312
3198,246.07131958007812
3199,246.29373168945312
3200,245.71926879882812
3201,246.15652465820312
3202,246.17190551757812
3203,246.33572387695312
3204,246.45266723632812
3205,246.09304809570312
3206,245.97561645507812
3207,246.36990356445312
3208,246.49856567382812
3209,246.15847778320312
3210,246.51370239257812
3211,246.16970825195312
3212,246.68508911132812
3213,246.23171997070312
3214,246.27053833007812
3215,246.35623168945312
3216,246.02786254882812
3217,246.25027465820312
3218,246.25393676757812
3219,246.14822387695312
3220,246.35501098632812
3221,246.16336059570312
3222,246.35452270507812
3223,246.10037231445312
3224,246.74465942382812
3225,246.40847778320312
3226,246.03323364257812
3227,246.12673950195312
3228,246.25930786132812
3229,246.27859497070312
3230,246.02444458007812
3231,246.09841918945312
3232,246.58645629882812
3233,246.21121215820312
3234,246.12503051757812
3235,246.21072387695312
3236,246.13235473632812
3237,246.12820434570312
3238,246.17874145507812
3239,246.29568481445312
3240,246.64700317382812
3241,246.20535278320312
3242,246.41995239257812
3243,246.36111450195312
3244,246.02102661132812
3245,246.20828247070312
3246,246.40335083007812
3247,246.21170043945312
3248,245.95755004882812
3249,246.28152465820312
3250,246.26956176757812
3251,246.30447387695312
3252,246.48782348632812
3253,246.22195434570312
3254,246.43264770507812
3255,246.07302856445312
3256,246.73684692382812
3257,246.27957153320312
3258,246.15823364257812
3259,246.26736450195312
3260,246.22024536132812
3261,246.27468872070312
3262,246.19631958007812
3263,246.21951293945312
3264,245.95364379882812
3265,246.16824340820312
3266,246.25784301757812
3267,246.40213012695312
3268,246.39016723632812
3269,246.12820434570312
3270,246.31155395507812
3271,246.30349731445312
3272,246.54544067382812
3273,246.21316528320312
3274,246.41995239257812
3275,246.32986450195312
3276,246.23196411132812
3277,246.2205047607422
3278,246.2710418701172
3279,246.2082977294922
3280,245.5752410888672
3281,246.0632781982422
3282,246.2544403076172
3283,246.1331024169922
3284,246.1211395263672
3285,246.3787078857422
3286,246.4019012451172
3287,246.1282196044922
3288,246.5420379638672
3289,246.2253875732422
3290,246.3462371826172
3291,246.2209930419922
3292,246.0254364013672
3293,246.2986297607422
3294,246.0483856201172
3295,246.1653289794922
3296,245.9463348388672
3297,246.0593719482422
3298,246.3130340576172
3299,246.3245086669922
3300,246.2734832763672
3301,246.1052703857422
3302,246.2339324951172
3303,246.2219696044922
3304,246.4756317138672
3305,246.1238250732422
3306,246.3657684326172
3307,246.1506805419922
3308,246.3340301513672
3309,246.2947235107422
3310,246.2710418701172
3311,246.1575164794922
3312,246.0674285888672
3313,246.1101531982422
3314,246.1841278076172
3315,246.0315399169922
3316,246.1758270263672
3317,246.2458953857422
3318,246.3159637451172
3319,246.2063446044922
3320,246.3467254638672
3321,246.3582000732422
3322,246.2212371826172
3323,246.2405242919922
3324,246.1269989013672
3325,246.1619110107422
3326,246.0952606201172
3327,246.2200164794922
3328,245.1885223388672
3329,246.1804656982422
3330,246.2349090576172
3331,246.1995086669922
3332,246.2031707763672
3333,246.1130828857422
3334,246.1792449951172
3335,246.2375946044922
3336,245.9678192138672
3337,246.2214813232422
3338,246.2642059326172
3339,246.2053680419922
3340,246.1699676513672
3341,246.0798797607422
3342,246.2866668701172
3343,246.0832977294922
3344,246.5596160888672
3345,246.2664031982422
3346,246.0513153076172
3347,246.1174774169922
3348,246.2617645263672
3349,246.1912078857422
3350,246.2769012451172
3351,246.1438446044922
3352,246.3701629638672
3353,246.3386688232422
3354,246.2524871826172
3355,246.3225555419922
3356,246.2598114013672
3357,246.0681610107422
3358,246.1265106201172
3359,246.1887664794922
3360,246.3057098388672
3361,246.0515594482422
3362,246.1958465576172
3363,246.2112274169922
3364,246.1484832763672
3365,246.0740203857422
3366,246.2886199951172
3367,246.0930633544922
3368,246.2100067138672
3369,246.1824188232422
3370,246.2407684326172
3371,246.0920867919922
3372,246.1621551513672
3373,246.2244110107422
3374,246.3413543701172
3375,245.9192352294922
3376,246.6768035888672
3377,246.3132781982422
3378,245.9653778076172
3379,246.1252899169922
3380,246.0977020263672
3381,246.2498016357422
3382,246.2534637451172
3383,246.1672821044922
3384,246.3623504638672
3385,246.1589813232422
3386,246.2837371826172
3387,246.2913055419922
3388,245.8926239013672
3389,246.0642547607422
3390,246.1343231201172
3391,246.1575164794922
3392,245.6728973388672
3393,246.0671844482422
3394,246.18023681640625
3395,246.14093017578125
3396,246.29693603515625
3397,246.17950439453125
3398,246.47613525390625
3399,246.10479736328125
3400,245.70220947265625
3401,246.12774658203125
3402,246.34234619140625
3403,246.16241455078125
3404,246.24810791015625
3405,246.29864501953125
3406,246.19293212890625
3407,246.06768798828125
3408,245.98150634765625
3409,246.15704345703125
3410,246.16070556640625
3411,246.28155517578125
3412,245.99615478515625
3413,246.14044189453125
3414,246.0029754638672
3415,246.0808563232422
3416,246.5415496826172
3417,246.1780242919922
3418,246.6894989013672
3419,246.4626922607422
3420,245.9468231201172
3421,245.9934539794922
3422,245.9697723388672
3423,246.2820281982422
3424,246.4145965576172
3425,246.1995086669922
3426,246.3125457763672
3427,246.3044891357422
3428,246.0073699951172
3429,246.2375946044922
3430,246.3037567138672
3431,246.1824188232422
3432,246.2563934326172
3433,246.2678680419922
3434,246.1230926513672
3435,246.0486297607422
3436,246.3179168701172
3437,246.2629852294922
3438,246.2158660888672
3439,246.1140594482422
3440,245.2856903076172
3441,246.2659149169922
3442,246.0508270263672
3443,246.2615203857422
3444,246.0190887451172
3445,246.1907196044922
3446,246.2686004638672
3447,246.3269500732422
3448,246.1274871826172
3449,246.1819305419922
3450,246.3613739013672
3451,246.4040985107422
3452,246.1265106201172
3453,246.1614227294922
3454,246.2510223388672
3455,246.2390594482422
3456,245.6567840576172
3457,246.1721649169922
3458,246.1562957763672
3459,246.1990203857422
3460,246.0620574951172
3461,246.1360321044922
3462,246.3350067138672
3463,246.1277313232422
3464,245.9048309326172
3465,246.3459930419922
3466,246.0684051513672
3467,246.1033172607422
3468,246.1382293701172
3469,246.2004852294922
3470,246.1611785888672
3471,246.1531219482422
3472,245.9028778076172
3473,246.0627899169922
3474,246.0039520263672
3475,246.1638641357422
3476,245.8862762451172
3477,246.1672821044922
3478,246.1279754638672
3479,246.2097625732422
3480,245.9946746826172
3481,245.9280242919922
3482,246.33839416503906
3483,246.28346252441406
3484,245.97853088378906
3485,246.12281799316406
3486,246.19679260253906
3487,246.10279846191406
3488,245.89942932128906
3489,246.24684143066406
3490,246.17237854003906
3491,246.23463439941406
3492,245.96095275878906
3493,246.18336486816406
3494,246.33546447753906
3495,246.07740783691406
3496,245.99122619628906
3497,246.24879455566406
3498,246.13136291503906
3499,246.02565002441406
3500,246.03712463378906
3501,246.14234924316406
3502,246.13819885253906
3503,246.06373596191406
3504,246.83302307128906
3505,246.11793518066406
3506,245.97315979003906
3507,246.24635314941406
3508,245.75392150878906
3509,246.10914611816406
3510,246.23780822753906
3511,246.28445434570312
3512,245.89358520507812
3513,245.99880981445312
3514,246.31497192382812
3515,246.24832153320312
3516,245.90823364257812
3517,246.06814575195312
3518,246.08743286132812
3519,246.10281372070312
3520,244.89163208007812
3521,246.14138793945312
3522,246.24270629882812
3523,246.12918090820312
3524,245.87503051757812
3525,246.20291137695312
3526,246.26516723632812
3527,246.02664184570312
3528,245.60842895507812
3529,246.36599731445312
3530,246.39700317382812
3531,246.11160278320312
3532,246.06057739257812
3533,246.12673950195312
3534,245.95071411132812
3535,246.08718872070312
3536,245.88772583007812
3537,246.00857543945312
3538,246.10598754882812
3539,246.18777465820312
3540,245.63674926757812
3541,245.95291137695312
3542,246.05032348632812
3543,246.30398559570312
3544,245.91702270507812
3545,246.15115356445312
3546,246.55715942382812
3547,246.27175903320312
3548,245.96292114257812
3549,246.27127075195312
3550,246.39210510253906
3551,246.22389221191406
3552,245.88380432128906
3553,246.27418518066406
3554,246.17237854003906
3555,246.17994689941406
3556,246.11720275878906
3557,246.24586486816406
3558,246.39015197753906
3559,246.04615783691406
3560,245.94435119628906
3561,246.21754455566406
3562,246.09230041503906
3563,246.18190002441406
3564,245.88087463378906
3565,246.15406799316406
3566,246.06007385253906
3567,246.35670471191406
3568,246.00489807128906
3569,246.15699768066406
3570,246.08253479003906
3571,246.33619689941406
3572,245.75392150878906
3573,245.98805236816406
3574,246.20655822753906
3575,246.46022033691406
3576,245.94044494628906
3577,246.27613830566406
3578,246.47120666503906
3579,246.31861877441406
3580,246.08009338378906
3581,246.20094299316406
3582,246.26710510253906
3583,246.21607971191406
3584,243.12599182128906
3585,246.27809143066406
3586,246.05519104003906
3587,246.09791564941406
3588,246.04689025878906
3589,246.33961486816406
3590,246.15577697753906
3591,246.22584533691406
3592,245.65528869628906
3593,246.21363830566406
3594,246.21730041503906
3595,246.27174377441406
3596,246.16993713378906
3597,246.18922424316406
3598,246.15382385253906
3599,246.43092346191406
3600,245.49708557128906
3601,246.06715393066406
3602,246.39503479003906
3603,246.39479064941406
3604,245.99610900878906
3605,245.98414611816406
3606,246.10499572753906
3607,246.26100158691406
3608,245.77638244628906
3609,246.14332580566406
3610,246.47120666503906
3611,246.14283752441406
3612,246.13478088378906
3613,246.30641174316406
3614,246.39210510253906
3615,246.02467346191406
3616,244.99317932128906
3617,246.28981018066406
3618,245.86769104003906
3619,246.06666564941406
3620,246.03907775878906
3621,246.37867736816406
3622,246.45265197753906
3623,246.23756408691406
3624,246.52247619628906
3625,246.13160705566406
3626,246.02198791503906
3627,246.33033752441406
3628,246.05276489257812
3629,246.05252075195312
3630,246.23977661132812
3631,246.19656372070312
3632,245.92678833007812
3633,245.94216918945312
3634,246.34036254882812
3635,246.26980590820312
3636,246.42581176757812
3637,246.03103637695312
3638,246.34719848632812
3639,246.32351684570312
3640,246.01858520507812
3641,246.22537231445312
3642,246.52590942382812
3643,246.21316528320312
3644,246.15823364257812
3645,246.13455200195312
3646,246.33743286132812
3647,246.07937622070312
3648,244.61038208007812
3649,246.37576293945312
3650,246.10989379882812
3651,246.06277465820312
3652,246.21878051757812
3653,246.33181762695312
3654,246.17141723632812
3655,246.19070434570312
3656,246.51467895507812
3657,246.19412231445312
3658,246.31106567382812
3659,246.38894653320312
3660,246.49807739257812
3661,245.99783325195312
3662,245.90383911132812
3663,246.25125122070312
3664,247.04397583007812
3665,245.95779418945312
3666,246.41067504882812
3667,246.20730590820312
3668,246.38674926757812
3669,246.10134887695312
3670,246.15969848632812
3671,246.21023559570312
3672,246.04202270507812
3673,246.25271606445312
3674,246.43215942382812
3675,246.08425903320312
3676,246.16604614257812
3677,246.31423950195312
3678,246.36868286132812
3679,246.06765747070312
3680,246.72756958007812
3681,246.35623168945312
3682,245.93801879882812
3683,246.05886840820312
3684,246.36721801757812
3685,246.21463012695312
3686,246.20266723632812
3687,246.3542938232422
3688,246.7563934326172
3689,246.0998992919922
3690,246.1855926513672
3691,246.2712860107422
3692,246.5054168701172
3693,246.0989227294922
3694,246.1455535888672
3695,246.3210906982422
3696,246.7231903076172
3697,246.0979461669922
3698,246.3867645263672
3699,246.3123016357422
3700,246.3159637451172
3701,246.1672821044922
3702,246.3701629638672
3703,246.2449188232422
3704,246.0962371826172
3705,246.2991180419922
3706,246.3769989013672
3707,246.1697235107422
3708,246.5483856201172
3709,246.2239227294922
3710,246.2510223388672
3711,246.0398406982422
3712,246.5942840576172
3713,246.3713836669922
3714,246.1484832763672
3715,246.2224578857422
3716,246.0933074951172
3717,246.2454071044922
3718,245.9678192138672
3719,246.2605438232422
3720,246.8423309326172
3721,246.1663055419922
3722,246.3574676513672
3723,246.5017547607422
3724,246.2476043701172
3725,246.1184539794922
3726,246.2471160888672
3727,246.3015594482422
3728,246.1528778076172
3729,246.1760711669922
3730,246.4336395263672
3731,246.4412078857422
3732,246.3237762451172
3733,246.2102508544922
3734,246.4014129638672
3735,246.0261688232422
3736,246.4946746826172
3737,246.2248992919922
3738,246.2441864013672
3739,245.9822235107422
3740,246.6186981201172
3741,246.3059539794922
3742,246.2588348388672
3743,246.0320281982422
3744,247.2114715576172
3745,246.46124267578125
3746,246.13287353515625
3747,246.36700439453125
3748,246.63238525390625
3749,246.23760986328125
3750,246.23345947265625
3751,246.43243408203125
3752,247.14703369140625
3753,246.11944580078125
3754,246.61529541015625
3755,246.44317626953125
3756,246.58355712890625
3757,246.27081298828125
3758,246.33306884765625
3759,246.27032470703125
3760,245.39508056640625
3761,246.14093017578125
3762,246.38677978515625
3763,246.22637939453125
3764,246.42535400390625
3765,246.29229736328125
3766,246.26861572265625
3767,246.08087158203125
3768,245.98687744140625
3769,246.30694580078125
3770,246.03326416015625
3771,246.08770751953125
3772,246.48590087890625
3773,246.33331298828125
3774,245.96978759765625
3775,246.33673095703125
3776,244.57867431640625
3777,246.28155517578125
3778,246.02349853515625
3779,246.32012939453125
3780,246.62457275390625
3781,246.02276611328125
3782,245.85064697265625
3783,246.56134033203125
3784,246.76422119140625
3785,246.01007080078125
3786,246.48248291015625
3787,246.23614501953125
3788,246.90386962890625
3789,246.17706298828125
3790,246.23150634765625
3791,246.39532470703125
3792,245.63726806640625
3793,246.25030517578125
3794,246.22271728515625
3795,246.23809814453125
3796,246.57379150390625
3797,246.15948486328125
3798,246.29205322265625
3799,246.03009033203125
3800,246.41656494140625
3801,246.29522705078125
3802,245.92388916015625
3803,246.00177001953125
3804,246.58746337890625
3805,246.33721923828125
3806,246.10260009765625
3807,246.29766845703125
3808,246.57086181640625
3809,246.39483642578125
3810,245.86724853515625
3811,246.41778564453125
3812,246.36676025390625
3813,246.21417236328125
3814,246.08502197265625
3815,246.42071533203125
3816,246.44390869140625
3817,246.21319580078125
3818,246.30279541015625
3819,246.36505126953125
3820,246.67730712890625
3821,246.12628173828125
3822,246.45806884765625
3823,246.2273406982422
3824,246.3794403076172
3825,246.3557586669922
3826,246.2070770263672
3827,246.2458953857422
3828,246.8315887451172
3829,246.3079071044922
3830,246.4717254638672
3831,246.0574188232422
3832,247.0024871826172
3833,246.5178680419922
3834,246.2285614013672
3835,246.2322235107422
3836,246.7202606201172
3837,246.3137664794922
3838,246.1572723388672
3839,246.2937469482422
3840,246.0630340576172
3841,246.0549774169922
3842,246.3281707763672
3843,246.5662078857422
3844,246.2964324951172
3845,245.9797821044922
3846,246.0850067138672
3847,246.3113250732422
3848,246.0923309326172
3849,246.2405242919922
3850,246.6152801513672
3851,246.4705047607422
3852,246.3101043701172
3853,246.4153289794922
3854,246.6221160888672
3855,246.3835906982422
3856,246.8716278076172
3857,246.3791961669922
3858,246.2305145263672
3859,246.3826141357422
3860,246.3394012451172
3861,246.4719696044922
3862,246.59674072265625
3863,246.16680908203125
3864,246.58843994140625
3865,246.42022705078125
3866,246.14263916015625
3867,246.32989501953125
3868,246.47808837890625
3869,246.30206298828125
3870,246.39166259765625
3871,246.26641845703125
3872,246.80523681640625
3873,246.09014892578125
3874,246.53912353515625
3875,246.47637939453125
3876,246.78863525390625
3877,246.19464111328125
3878,246.18658447265625
3879,246.44415283203125
3880,247.05328369140625
3881,246.18194580078125
3882,246.81842041015625
3883,246.28302001953125
3884,246.47418212890625
3885,246.31768798828125
3886,246.62213134765625
3887,246.25860595703125
3888,246.92633056640625
3889,246.23858642578125
3890,246.22271728515625
3891,246.01153564453125
3892,246.23782348632812
3893,246.35867309570312
3894,246.22952270507812
3895,246.18630981445312
3896,246.67434692382812
3897,246.31082153320312
3898,246.19729614257812
3899,246.20877075195312
3900,246.40774536132812
3901,246.31375122070312
3902,246.11819458007812
3903,246.53982543945312
3904,244.29739379882812
3905,246.05496215820312
3906,246.57815551757812
3907,246.41384887695312
3908,246.68704223632812
3909,246.14382934570312
3910,246.20999145507812
3911,246.42068481445312
3912,245.98294067382812
3913,246.42019653320312
3914,246.66213989257812
3915,246.31814575195312
3916,246.57571411132812
3917,246.31375122070312
3918,246.56741333007812
3919,246.07888793945312
3920,245.60598754882812
3921,246.53933715820312
3922,245.95706176757812
3923,246.18338012695312
3924,246.48001098632812
3925,246.37820434570312
3926,246.46389770507812
3927,246.28396606445312
3928,246.32278442382812
3929,246.33816528320312
3930,246.25979614257812
3931,246.40017700195312
3932,246.25930786132812
3933,246.10671997070312
3934,246.25881958007812
3935,246.43435668945312
3936,244.66458129882812
3937,246.16043090820312
3938,246.64065551757812
3939,246.43728637695312
3940,246.47610473632812
3941,246.22195434570312
3942,246.67092895507812
3943,246.33474731445312
3944,245.94387817382812
3945,246.43191528320312
3946,246.77151489257812
3947,246.48220825195312
3948,246.80227661132812
3949,246.39578247070312
3950,246.70803833007812
3951,246.12185668945312
3952,245.97317504882812
3953,246.45339965820312
3954,246.22268676757812
3955,246.26541137695312
3956,246.19094848632812
3957,246.37039184570312
3958,246.21389770507812
3959,246.34255981445312
3960,246.72122192382812
3961,246.36550903320312
3962,246.44729614257812
3963,246.60720825195312
3964,246.32962036132812
3965,246.20437622070312
3966,246.05569458007812
3967,246.61795043945312
3968,244.03176879882812
3969,246.25808715820312
3970,246.63284301757812
3971,246.51150512695312
3972,246.24954223632812
3973,246.34304809570312
3974,246.54592895507812
3975,246.51052856445312
3976,246.21731567382812
3977,246.49832153320312
3978,246.69338989257812
3979,246.3259735107422
3980,246.3726043701172
3981,246.5090789794922
3982,246.8486785888672
3983,246.2039031982422
3984,246.7778778076172
3985,246.6877899169922
3986,246.2695770263672
3987,246.4529266357422
3988,246.4800262451172
3989,246.4758758544922
3990,246.1123504638672
3991,246.4832000732422
3992,246.5884246826172
3993,246.2522430419922
3994,246.5176239013672
3995,246.6501922607422
3996,246.6655731201172
3997,246.0481414794922
3998,246.3603973388672
3999,246.6179656982422
4000,246.6489715576172
4001,246.3440399169922
4002,246.6719207763672
4003,246.5505828857422
4004,246.3198699951172
4005,246.4993133544922
4006,246.6162567138672
4007,246.4753875732422
4008,246.3657684326172
4009,246.5100555419922
4010,246.4668426513672
4011,246.4119110107422
4012,246.3179168701172
4013,246.5832977294922
4014,246.6221160888672
4015,246.2624969482422
4016,247.2075653076172
4017,246.5979461669922
4018,246.3086395263672
4019,246.5623016357422
4020,245.9097137451172
4021,246.4407196044922
4022,246.2686004638672
4023,246.5691375732422
4024,246.5493621826172
4025,246.2366180419922
4026,246.8613739013672
4027,246.7165985107422
4028,246.1733856201172
4029,246.2942352294922
4030,246.4775848388672
4031,246.6140594482422
4032,244.2661590576172
4033,246.3440399169922
4034,246.6562957763672
4035,246.6130828857422
4036,246.1558074951172
4037,246.4250946044922
4038,246.7568817138672
4039,246.4285125732422
4040,246.3892059326172
4041,246.4788055419922
4042,246.4355926513672
4043,246.2205047607422
4044,246.2163543701172
4045,246.5325164794922
4046,246.5518035888672
4047,246.3328094482422
4048,246.2622528076172
4049,246.4338836669922
4050,246.1758270263672
4051,246.6013641357422
4052,245.8394012451172
4053,246.4368133544922
4054,246.2217254638672
4055,246.7644500732422
4056,246.2290496826172
4057,246.1311492919922
4058,246.6660614013672
4059,246.7908172607422
4060,245.7436981201172
4061,246.2786102294922
4062,246.4541473388672
4063,246.4148406982422
4064,244.7583465576172
4065,246.3674774169922
4066,246.6328582763672
4067,246.4412078857422
4068,246.0854949951172
4069,246.5266571044922
4070,246.5068817138672
4071,246.3386688232422
4072,246.2251434326172
4073,246.6311492919922
4074,246.3496551513672
4075,246.3259735107422
4076,246.0991668701172
4077,246.6067352294922
4078,246.2236785888672
4079,246.5828094482422
4080,245.4419403076172
4081,246.5510711669922
4082,246.3867645263672
4083,246.5505828857422
4084,245.5503387451172
4085,246.2375946044922
4086,245.9170379638672
4087,246.6355438232422
4088,245.6274871826172
4089,246.2561492919922
4090,246.5723114013672
4091,246.5525360107422
4092,245.6890106201172
4093,246.3762664794922
4094,246.4697723388672
4095,246.5437469482422
